seq,anomaly_score,decision
0,0.000000,ALLOW
1,0.000000,ALLOW
2,0.000000,ALLOW
3,0.000000,ALLOW
4,0.000000,ALLOW
5,0.000000,ALLOW
6,0.000000,ALLOW
7,0.000000,ALLOW
8,0.000000,ALLOW
9,0.000000,ALLOW
10,0.000000,ALLOW
11,0.000000,ALLOW
12,0.000000,ALLOW
13,0.000000,ALLOW
14,0.000000,ALLOW
15,0.000000,ALLOW
16,0.000000,ALLOW
17,0.000000,ALLOW
18,0.000000,ALLOW
19,0.000000,ALLOW
20,0.000000,ALLOW
21,0.000000,ALLOW
22,0.000000,ALLOW
23,0.000000,ALLOW
24,0.000000,ALLOW
25,0.000000,ALLOW
26,0.000000,ALLOW
27,0.000000,ALLOW
28,0.000000,ALLOW
29,0.000000,ALLOW
30,0.000000,ALLOW
31,0.000000,ALLOW
32,0.000000,ALLOW
33,0.000000,ALLOW
34,0.000000,ALLOW
35,0.000000,ALLOW
36,0.000000,ALLOW
37,0.000000,ALLOW
38,0.000000,ALLOW
39,0.000000,ALLOW
40,0.000000,ALLOW
41,0.000000,ALLOW
42,0.000000,ALLOW
43,0.000000,ALLOW
44,0.000000,ALLOW
45,0.000000,ALLOW
46,0.000000,ALLOW
47,0.000000,ALLOW
48,0.000000,ALLOW
49,0.000000,ALLOW
50,0.000000,ALLOW
51,0.000000,ALLOW
52,0.000000,ALLOW
53,0.000000,ALLOW
54,0.000000,ALLOW
55,0.000000,ALLOW
56,0.000000,ALLOW
57,0.000000,ALLOW
58,1.584017,ALLOW
59,1.425615,ALLOW
60,1.283054,ALLOW
61,1.154749,ALLOW
62,1.039274,ALLOW
63,0.935346,ALLOW
64,0.841812,ALLOW
65,0.757631,ALLOW
66,0.681867,ALLOW
67,0.613681,ALLOW
68,0.552313,ALLOW
69,0.497081,ALLOW
70,0.447373,ALLOW
71,0.402636,ALLOW
72,0.362372,ALLOW
73,0.326135,ALLOW
74,0.293522,ALLOW
75,0.264169,ALLOW
76,0.237752,ALLOW
77,0.213977,ALLOW
78,0.192580,ALLOW
79,0.173322,ALLOW
80,0.155989,ALLOW
81,0.140390,ALLOW
82,0.126351,ALLOW
83,0.113716,ALLOW
84,0.102345,ALLOW
85,0.092110,ALLOW
86,0.082899,ALLOW
87,0.074609,ALLOW
88,0.067148,ALLOW
89,0.060433,ALLOW
90,0.054390,ALLOW
91,0.048951,ALLOW
92,0.044056,ALLOW
93,0.039650,ALLOW
94,0.035685,ALLOW
95,0.032117,ALLOW
96,0.028905,ALLOW
97,0.026015,ALLOW
98,0.023413,ALLOW
99,0.021072,ALLOW
100,0.018965,ALLOW
101,0.017068,ALLOW
102,0.015361,ALLOW
103,0.013825,ALLOW
104,0.012443,ALLOW
105,0.011198,ALLOW
106,0.010079,ALLOW
107,0.009071,ALLOW
108,0.008164,ALLOW
109,0.007347,ALLOW
110,0.006613,ALLOW
111,0.005951,ALLOW
112,0.005356,ALLOW
113,0.004821,ALLOW
114,0.004339,ALLOW
115,0.003905,ALLOW
116,0.003514,ALLOW
117,0.003163,ALLOW
118,0.002846,ALLOW
119,0.002562,ALLOW
120,1.553739,ALLOW
121,1.398365,ALLOW
122,1.258529,ALLOW
123,1.132676,ALLOW
124,1.019408,ALLOW
125,0.917468,ALLOW
126,0.825721,ALLOW
127,0.743149,ALLOW
128,2.282962,ALLOW
129,2.054665,ALLOW
130,1.849199,ALLOW
131,1.664279,ALLOW
132,1.497851,ALLOW
133,1.348066,ALLOW
134,1.213259,ALLOW
135,1.091933,ALLOW
136,0.982740,ALLOW
137,0.884466,ALLOW
138,0.796019,ALLOW
139,0.716418,ALLOW
140,0.644776,ALLOW
141,0.580298,ALLOW
142,0.522268,ALLOW
143,0.470042,ALLOW
144,0.423037,ALLOW
145,0.380734,ALLOW
146,0.342660,ALLOW
147,0.308394,ALLOW
148,0.277555,ALLOW
149,0.249799,ALLOW
150,0.224819,ALLOW
151,0.202337,ALLOW
152,0.182104,ALLOW
153,0.163893,ALLOW
154,0.147504,ALLOW
155,0.132754,ALLOW
156,0.119478,ALLOW
157,0.107530,ALLOW
158,0.096777,ALLOW
159,0.087100,ALLOW
160,0.078390,ALLOW
161,0.070551,ALLOW
162,0.063496,ALLOW
163,0.057146,ALLOW
164,0.051431,ALLOW
165,0.046288,ALLOW
166,0.041659,ALLOW
167,0.037494,ALLOW
168,0.033744,ALLOW
169,0.030370,ALLOW
170,0.027333,ALLOW
171,0.024600,ALLOW
172,0.022140,ALLOW
173,0.019926,ALLOW
174,0.017933,ALLOW
175,0.016140,ALLOW
176,0.014526,ALLOW
177,0.013073,ALLOW
178,0.011766,ALLOW
179,0.010589,ALLOW
180,0.009530,ALLOW
181,0.008577,ALLOW
182,0.007720,ALLOW
183,0.006948,ALLOW
184,0.006253,ALLOW
185,0.005628,ALLOW
186,0.005065,ALLOW
187,0.004558,ALLOW
188,0.004103,ALLOW
189,0.003692,ALLOW
190,0.003323,ALLOW
191,0.002991,ALLOW
192,0.002692,ALLOW
193,0.002422,ALLOW
194,0.002180,ALLOW
195,0.001962,ALLOW
196,0.001766,ALLOW
197,0.001589,ALLOW
198,0.001430,ALLOW
199,0.001287,ALLOW
200,0.001159,ALLOW
201,0.001043,ALLOW
202,0.000939,ALLOW
203,0.000845,ALLOW
204,0.000760,ALLOW
205,0.000684,ALLOW
206,0.000616,ALLOW
207,0.000554,ALLOW
208,0.000499,ALLOW
209,0.000449,ALLOW
210,0.000404,ALLOW
211,0.000364,ALLOW
212,0.000327,ALLOW
213,0.000295,ALLOW
214,0.000265,ALLOW
215,0.000239,ALLOW
216,0.000215,ALLOW
217,0.000193,ALLOW
218,0.000174,ALLOW
219,0.000157,ALLOW
220,0.000141,ALLOW
221,0.000127,ALLOW
222,0.000114,ALLOW
223,0.000103,ALLOW
224,0.000092,ALLOW
225,0.000083,ALLOW
226,0.000075,ALLOW
227,0.000067,ALLOW
228,0.000061,ALLOW
229,0.000055,ALLOW
230,0.000049,ALLOW
231,0.000044,ALLOW
232,0.000040,ALLOW
233,0.000036,ALLOW
234,0.000032,ALLOW
235,0.000029,ALLOW
236,0.000026,ALLOW
237,0.000023,ALLOW
238,0.000021,ALLOW
239,0.000019,ALLOW
240,0.000017,ALLOW
241,0.000015,ALLOW
242,0.000014,ALLOW
243,0.000012,ALLOW
244,0.000011,ALLOW
245,0.000010,ALLOW
246,0.000009,ALLOW
247,0.000008,ALLOW
248,0.000007,ALLOW
249,0.000007,ALLOW
250,0.000006,ALLOW
251,0.000005,ALLOW
252,0.000005,ALLOW
253,0.000004,ALLOW
254,0.000004,ALLOW
255,0.000004,ALLOW
256,0.000003,ALLOW
257,0.000003,ALLOW
258,0.000003,ALLOW
259,0.000002,ALLOW
260,0.000002,ALLOW
261,0.000002,ALLOW
262,0.000002,ALLOW
263,0.000002,ALLOW
264,0.000001,ALLOW
265,0.000001,ALLOW
266,0.000001,ALLOW
267,0.000001,ALLOW
268,0.000001,ALLOW
269,0.000001,ALLOW
270,0.000001,ALLOW
271,0.000001,ALLOW
272,0.000001,ALLOW
273,0.000001,ALLOW
274,0.000000,ALLOW
275,0.000000,ALLOW
276,0.000000,ALLOW
277,0.000000,ALLOW
278,0.000000,ALLOW
279,0.000000,ALLOW
280,0.000000,ALLOW
281,0.000000,ALLOW
282,0.000000,ALLOW
283,0.000000,ALLOW
284,0.000000,ALLOW
285,0.000000,ALLOW
286,0.000000,ALLOW
287,0.000000,ALLOW
288,0.000000,ALLOW
289,0.000000,ALLOW
290,0.000000,ALLOW
291,0.000000,ALLOW
292,0.000000,ALLOW
293,0.000000,ALLOW
294,0.000000,ALLOW
295,0.000000,ALLOW
296,0.000000,ALLOW
297,0.000000,ALLOW
298,0.000000,ALLOW
299,0.000000,ALLOW
300,0.000000,ALLOW
301,0.000000,ALLOW
302,0.000000,ALLOW
303,0.000000,ALLOW
304,0.000000,ALLOW
305,0.000000,ALLOW
306,0.000000,ALLOW
307,0.000000,ALLOW
308,0.000000,ALLOW
309,0.000000,ALLOW
310,0.000000,ALLOW
311,0.000000,ALLOW
312,0.000000,ALLOW
313,0.000000,ALLOW
314,0.000000,ALLOW
315,0.000000,ALLOW
316,0.000000,ALLOW
317,0.000000,ALLOW
318,0.000000,ALLOW
319,0.000000,ALLOW
320,0.000000,ALLOW
321,0.000000,ALLOW
322,0.000000,ALLOW
323,0.000000,ALLOW
324,0.000000,ALLOW
325,0.000000,ALLOW
326,0.000000,ALLOW
327,0.000000,ALLOW
328,0.000000,ALLOW
329,0.000000,ALLOW
330,0.000000,ALLOW
331,0.000000,ALLOW
332,0.000000,ALLOW
333,0.000000,ALLOW
334,0.000000,ALLOW
335,0.000000,ALLOW
336,0.000000,ALLOW
337,0.000000,ALLOW
338,0.000000,ALLOW
339,0.000000,ALLOW
340,0.000000,ALLOW
341,0.000000,ALLOW
342,0.000000,ALLOW
343,0.000000,ALLOW
344,0.000000,ALLOW
345,0.000000,ALLOW
346,0.000000,ALLOW
347,0.000000,ALLOW
348,0.000000,ALLOW
349,0.000000,ALLOW
350,0.000000,ALLOW
351,0.000000,ALLOW
352,0.000000,ALLOW
353,0.000000,ALLOW
354,0.000000,ALLOW
355,0.000000,ALLOW
356,0.000000,ALLOW
357,0.000000,ALLOW
358,0.000000,ALLOW
359,0.000000,ALLOW
360,0.000000,ALLOW
361,0.000000,ALLOW
362,0.000000,ALLOW
363,0.000000,ALLOW
364,0.000000,ALLOW
365,0.000000,ALLOW
366,0.000000,ALLOW
367,0.000000,ALLOW
368,0.000000,ALLOW
369,0.000000,ALLOW
370,0.000000,ALLOW
371,0.000000,ALLOW
372,0.000000,ALLOW
373,0.000000,ALLOW
374,0.000000,ALLOW
375,0.000000,ALLOW
376,0.000000,ALLOW
377,0.000000,ALLOW
378,0.000000,ALLOW
379,0.000000,ALLOW
380,0.000000,ALLOW
381,0.000000,ALLOW
382,0.000000,ALLOW
383,0.000000,ALLOW
384,0.000000,ALLOW
385,0.000000,ALLOW
386,0.000000,ALLOW
387,0.000000,ALLOW
388,0.000000,ALLOW
389,0.000000,ALLOW
390,0.000000,ALLOW
391,0.000000,ALLOW
392,0.000000,ALLOW
393,0.000000,ALLOW
394,0.000000,ALLOW
395,0.000000,ALLOW
396,0.000000,ALLOW
397,0.000000,ALLOW
398,0.000000,ALLOW
399,0.000000,ALLOW
400,0.000000,ALLOW
401,0.000000,ALLOW
402,0.000000,ALLOW
403,0.000000,ALLOW
404,0.000000,ALLOW
405,0.000000,ALLOW
406,0.000000,ALLOW
407,0.000000,ALLOW
408,0.000000,ALLOW
409,1.566669,ALLOW
410,1.410002,ALLOW
411,1.269002,ALLOW
412,1.142102,ALLOW
413,1.027892,ALLOW
414,0.925103,ALLOW
415,0.832592,ALLOW
416,0.749333,ALLOW
417,0.674400,ALLOW
418,0.606960,ALLOW
419,0.546264,ALLOW
420,0.491637,ALLOW
421,0.442474,ALLOW
422,0.398226,ALLOW
423,0.358404,ALLOW
424,0.322563,ALLOW
425,0.290307,ALLOW
426,0.261276,ALLOW
427,0.235149,ALLOW
428,0.211634,ALLOW
429,0.190470,ALLOW
430,0.171423,ALLOW
431,0.154281,ALLOW
432,0.138853,ALLOW
433,0.124968,ALLOW
434,0.112471,ALLOW
435,0.101224,ALLOW
436,0.091101,ALLOW
437,0.081991,ALLOW
438,2.586341,ALLOW
439,2.327707,ALLOW
440,4.232439,ALLOW
441,3.809195,ALLOW
442,3.428276,ALERT
443,3.085448,ALLOW
444,2.776903,ALLOW
445,4.046125,ALLOW
446,3.641513,ALLOW
447,3.277361,ALLOW
448,2.949625,ALLOW
449,2.654663,ALLOW
450,2.389196,ALLOW
451,2.150277,ALLOW
452,1.935249,ALLOW
453,1.741724,ALLOW
454,1.567552,ALLOW
455,1.410797,ALLOW
456,1.269717,ALLOW
457,1.142745,ALLOW
458,1.028471,ALLOW
459,0.925624,ALLOW
460,0.833061,ALLOW
461,0.749755,ALLOW
462,0.674780,ALLOW
463,0.607302,ALLOW
464,0.546572,ALLOW
465,0.491914,ALLOW
466,0.442723,ALLOW
467,0.398451,ALLOW
468,0.358606,ALLOW
469,0.322745,ALLOW
470,2.740802,ALLOW
471,2.466722,ALLOW
472,2.220050,ALLOW
473,3.525904,ALLOW
474,3.173313,ALLOW
475,2.855982,ALLOW
476,2.570384,ALLOW
477,2.313345,ALLOW
478,2.082011,ALLOW
479,1.873810,ALLOW
480,1.686429,ALLOW
481,1.517786,ALLOW
482,1.366007,ALLOW
483,1.229407,ALLOW
484,1.106466,ALLOW
485,0.995819,ALLOW
486,0.896237,ALLOW
487,2.605781,ALLOW
488,2.345203,ALLOW
489,2.110683,ALLOW
490,1.899614,ALLOW
491,1.709653,ALLOW
492,1.538688,ALLOW
493,1.384819,ALLOW
494,1972.813315,ALLOW
495,1775.531984,ALLOW
496,1597.978785,ALLOW
497,1438.180907,ALLOW
498,1294.362816,ALLOW
499,1164.926534,ALLOW
500,1048.433881,ALLOW
501,943.590493,ALLOW
502,849.231444,ALLOW
503,764.308299,ALLOW
504,687.877469,ALLOW
505,619.089722,ALLOW
506,557.180750,ALLOW
507,501.462675,ALLOW
508,452.935850,ALLOW
509,407.642265,ALLOW
510,366.878038,ALLOW
511,330.190234,ALLOW
512,297.171211,ALLOW
513,267.454090,ALLOW
514,240.708681,ALLOW
515,218.916059,ALLOW
516,197.024453,ALLOW
517,177.322008,ALLOW
518,159.589807,ALLOW
519,143.630826,ALLOW
520,129.267744,ALLOW
521,116.340969,ALLOW
522,104.706872,ALLOW
523,94.236185,ALLOW
524,87.422504,ALLOW
525,78.680254,ALLOW
526,70.812229,ALLOW
527,63.731006,ALLOW
528,57.357905,ALLOW
529,51.622115,ALLOW
530,46.459903,ALLOW
531,41.813913,ALLOW
532,40.089012,ALLOW
533,36.080111,ALLOW
534,32.472100,ALLOW
535,29.224890,ALLOW
536,26.302401,ALLOW
537,23.672161,ALLOW
538,24.174047,ALLOW
539,21.756642,ALLOW
540,19.580978,ALLOW
541,17.622880,ALLOW
542,15.860592,ALLOW
543,14.274533,ALLOW
544,12.847080,ALLOW
545,11.562372,ALLOW
546,12.465994,ALLOW
547,11.219395,ALLOW
548,10.097455,ALLOW
549,9.087710,ALLOW
550,10.008384,ALLOW
551,9.007546,ALLOW
552,8.106791,ALLOW
553,7.296112,ALLOW
554,6.566501,ALLOW
555,5.909851,ALLOW
556,5.318866,ALLOW
557,4.786979,ALLOW
558,4.308281,ALLOW
559,3.877453,ALLOW
560,3.489708,ALLOW
561,3.140737,ALLOW
562,2.826663,ALLOW
563,2.543997,ALLOW
564,2.289597,ALLOW
565,2.060638,ALLOW
566,1.854574,ALLOW
567,6.458486,ALLOW
568,5.812638,ALLOW
569,8.151572,ALLOW
570,7.336415,ALLOW
571,6.602773,ALLOW
572,5.942496,ALLOW
573,5.348246,ALLOW
574,4.813422,ALLOW
575,6.941571,ALLOW
576,6.247414,ALLOW
577,5.622673,ALLOW
578,5.060406,ALLOW
579,4.554365,ALLOW
580,4.098929,ALLOW
581,3.689036,ALLOW
582,3.320132,ALLOW
583,2.988119,ALLOW
584,4.228945,ALLOW
585,3.806050,ALLOW
586,3.425445,ALLOW
587,3.082901,ALLOW
588,2.774611,ALLOW
589,2.497150,ALLOW
590,2.247435,ALLOW
591,2.022691,ALLOW
592,1.820422,ALLOW
593,1.638380,ALLOW
594,1.474542,ALLOW
595,1.327088,ALLOW
596,1.194379,ALLOW
597,1.074941,ALLOW
598,0.967447,ALLOW
599,0.870702,ALLOW
600,0.783632,ALLOW
601,0.705269,ALLOW
602,0.634742,ALLOW
603,0.571268,ALLOW
604,0.514141,ALLOW
605,0.462727,ALLOW
606,0.416454,ALLOW
607,0.374809,ALLOW
608,176.514549,ALLOW
609,158.863094,ALLOW
610,142.976785,ALLOW
611,128.679106,ALLOW
612,115.811196,ALLOW
613,104.230076,ALLOW
614,93.807069,ALLOW
615,84.426362,ALLOW
616,79.589041,ALLOW
617,71.630137,ALLOW
618,64.467123,ALLOW
619,58.020411,ALLOW
620,52.218370,ALLOW
621,46.996533,ALLOW
622,42.296880,ALLOW
623,38.067192,ALLOW
624,34.260472,ALLOW
625,30.834425,ALLOW
626,27.750983,ALLOW
627,24.975884,ALLOW
628,22.478296,ALLOW
629,20.230466,ALLOW
630,18.207420,ALLOW
631,16.386678,ALLOW
632,14.748010,ALLOW
633,13.273209,ALLOW
634,11.945888,ALLOW
635,10.751299,ALLOW
636,9.676169,ALLOW
637,8.708552,ALLOW
638,7.837697,ALLOW
639,7.053927,ALLOW
640,6.348535,ALLOW
641,5.713681,ALLOW
642,5.142313,ALLOW
643,4.628082,ALLOW
644,4.165274,ALLOW
645,3.748746,ALLOW
646,3.373872,ALLOW
647,3.036484,ALLOW
648,2.732836,ALLOW
649,2.459552,ALLOW
650,2.213597,ALLOW
651,1.992237,ALLOW
652,1.793014,ALLOW
653,1.613712,ALLOW
654,1.452341,ALLOW
655,1.307107,ALLOW
656,1.176396,ALLOW
657,1.058757,ALLOW
658,0.952881,ALLOW
659,0.857593,ALLOW
660,0.771834,ALLOW
661,0.694650,ALLOW
662,0.625185,ALLOW
663,0.562667,ALLOW
664,0.506400,ALLOW
665,0.455760,ALLOW
666,0.410184,ALLOW
667,0.369166,ALLOW
668,0.332249,ALLOW
669,0.299024,ALLOW
670,0.269122,ALLOW
671,0.242210,ALLOW
672,0.217989,ALLOW
673,0.196190,ALLOW
674,0.176571,ALLOW
675,0.158914,ALLOW
676,0.143022,ALLOW
677,0.128720,ALLOW
678,1.771046,ALLOW
679,1.593941,ALLOW
680,1.434547,ALLOW
681,1.291092,ALLOW
682,1.161983,ALLOW
683,1.045785,ALLOW
684,0.941206,ALLOW
685,0.847086,ALLOW
686,17.588610,ALLOW
687,15.829749,ALLOW
688,14.246774,ALLOW
689,12.822097,ALLOW
690,11.539887,ALLOW
691,10.385899,ALLOW
692,9.347309,ALLOW
693,8.412578,ALLOW
694,7.571320,ALLOW
695,6.814188,ALLOW
696,6.132769,ALLOW
697,5.519492,ALLOW
698,4.967543,ALLOW
699,4.470789,ALLOW
700,4.023710,ALLOW
701,3.621339,ALLOW
702,3.259205,ALLOW
703,2.933285,ALLOW
704,10.524067,ALLOW
705,9.471661,ALLOW
706,8.524494,ALLOW
707,7.672045,ALLOW
708,6.904841,ALLOW
709,6.214356,ALLOW
710,9.957290,ALLOW
711,8.961561,ALLOW
712,8.065405,ALLOW
713,7.258865,ALLOW
714,6.532978,ALLOW
715,5.879680,ALLOW
716,9.414823,ALLOW
717,8.473341,ALLOW
718,7.626007,ALLOW
719,6.863406,ALLOW
720,6.177065,ALLOW
721,5.559359,ALLOW
722,5.003423,ALLOW
723,4.503081,ALLOW
724,4.052773,ALLOW
725,3.647495,ALLOW
726,3.282746,ALLOW
727,2.954471,ALLOW
728,6.674747,ALLOW
729,6.007272,ALLOW
730,5.406545,ALLOW
731,4.865890,ALLOW
732,4.379301,ALLOW
733,3.941371,ALLOW
734,3.547234,ALLOW
735,3.192511,ALLOW
736,2.873260,ALLOW
737,2.585934,ALLOW
738,2.327340,ALLOW
739,2.094606,ALLOW
740,1.885146,ALLOW
741,1.696631,ALLOW
742,1.526968,ALLOW
743,1.374271,ALLOW
744,1.236844,ALLOW
745,1.113160,ALLOW
746,1.001844,ALLOW
747,19.511287,ALLOW
748,17.560158,ALLOW
749,15.804142,ALLOW
750,14.223728,ALLOW
751,20.884400,ALLOW
752,18.795960,ALLOW
753,16.916364,ALLOW
754,15.224727,ALLOW
755,13.702255,ALLOW
756,12.332029,ALLOW
757,11.098826,ALLOW
758,9.988944,ALLOW
759,8.990049,ALLOW
760,8.091044,ALLOW
761,71.675998,ALLOW
762,64.508399,ALLOW
763,58.057559,ALLOW
764,52.251803,ALLOW
765,47.026623,ALLOW
766,42.323960,ALLOW
767,38.091564,ALLOW
768,34.282408,ALLOW
769,30.854167,ALLOW
770,27.768750,ALLOW
771,24.991875,ALLOW
772,22.492688,ALLOW
773,20.243419,ALLOW
774,18.219077,ALLOW
775,16.397169,ALLOW
776,14.757452,ALLOW
777,13.281707,ALLOW
778,11.953536,ALLOW
779,10.758183,ALLOW
780,9.682365,ALLOW
781,8.714128,ALLOW
782,7.842715,ALLOW
783,7.058444,ALLOW
784,6.352599,ALLOW
785,5.717339,ALLOW
786,5.145605,ALLOW
787,4.631045,ALLOW
788,4.167940,ALLOW
789,3.751146,ALLOW
790,7.204399,ALLOW
791,6.483959,ALLOW
792,5.835563,ALLOW
793,5.252007,ALLOW
794,4.726806,ALLOW
795,4.254126,ALLOW
796,3.828713,ALLOW
797,3.445842,ALLOW
798,3.101258,ALLOW
799,2.791132,ALLOW
800,2.512019,ALLOW
801,2.260817,ALLOW
802,2.034735,ALLOW
803,1.831262,ALLOW
804,1.648135,ALLOW
805,1.483322,ALLOW
806,1.334990,ALLOW
807,1.201491,ALLOW
808,1.081342,ALLOW
809,0.973208,ALLOW
810,0.875887,ALLOW
811,0.788298,ALLOW
812,0.709468,ALLOW
813,0.638521,ALLOW
814,0.574669,ALLOW
815,0.517202,ALLOW
816,0.465482,ALLOW
817,0.418934,ALLOW
818,0.377041,ALLOW
819,0.339336,ALLOW
820,4.496717,ALLOW
821,4.047045,ALLOW
822,3.642341,ALLOW
823,3.278107,ALLOW
824,2.950296,ALLOW
825,2.655266,ALLOW
826,2.389740,ALLOW
827,2.150766,ALLOW
828,1.935689,ALLOW
829,1.742120,ALLOW
830,1.567908,ALLOW
831,1.411117,ALLOW
832,1.270006,ALLOW
833,1.143005,ALLOW
834,6.331509,ALLOW
835,5.698359,ALLOW
836,5.128523,ALLOW
837,4.615670,ALLOW
838,4.154103,ALLOW
839,3.738693,ALLOW
840,3.364824,ALLOW
841,3.028341,ALLOW
842,2.725507,ALLOW
843,2.452957,ALLOW
844,4.450347,ALLOW
845,4.005312,ALLOW
846,3.604781,ALLOW
847,3.244303,ALLOW
848,2.919873,ALLOW
849,2.627885,ALLOW
850,5.023775,ALLOW
851,4.521398,ALLOW
852,4.069258,ALLOW
853,3.662332,ALLOW
854,3.296099,ALLOW
855,2.966489,ALLOW
856,2.669840,ALLOW
857,2.402856,ALLOW
858,2.162571,ALLOW
859,1.946314,ALLOW
860,1.751682,ALLOW
861,1.576514,ALLOW
862,1.418863,ALLOW
863,1.276976,ALLOW
864,1.149279,ALLOW
865,1.034351,ALLOW
866,0.930916,ALLOW
867,0.837824,ALLOW
868,0.754042,ALLOW
869,0.678638,ALLOW
870,0.610774,ALLOW
871,0.549696,ALLOW
872,2.682190,ALLOW
873,2.413971,ALLOW
874,2.172574,ALLOW
875,1.955317,ALLOW
876,1.759785,ALLOW
877,1.583806,ALLOW
878,1.425426,ALLOW
879,1.282883,ALLOW
880,4.615894,ALLOW
881,4.154305,ALLOW
882,3.738874,ALLOW
883,3.364987,ALLOW
884,3.028488,ALLOW
885,2.725640,ALLOW
886,2.453076,ALLOW
887,2.207768,ALLOW
888,1.986991,ALLOW
889,1.788292,ALLOW
890,30.500237,ALLOW
891,27.450213,ALLOW
892,24.705192,ALLOW
893,22.234673,ALLOW
894,20.011206,ALLOW
895,18.010085,ALLOW
896,16.209077,ALLOW
897,14.588169,ALLOW
898,13.129352,ALLOW
899,11.816417,ALLOW
900,10.634775,ALLOW
901,9.571298,ALLOW
902,8.614168,ALLOW
903,7.752751,ALLOW
904,6.977476,ALLOW
905,6.279728,ALLOW
906,5.651756,ALLOW
907,5.086580,ALLOW
908,4.577922,ALLOW
909,4.120130,ALLOW
910,3.708117,ALLOW
911,3.337305,ALLOW
912,3.003575,ALLOW
913,2.703217,ALLOW
914,2.432895,ALLOW
915,2.189606,ALLOW
916,1.970645,ALLOW
917,1.773581,ALLOW
918,1.596223,ALLOW
919,1.436600,ALLOW
920,1.292940,ALLOW
921,1.163646,ALLOW
922,7.753644,ALLOW
923,6.978280,ALLOW
924,6.280452,ALLOW
925,5.652406,ALLOW
926,8.540197,ALLOW
927,7.686178,ALLOW
928,6.917560,ALLOW
929,6.225804,ALLOW
930,5.603224,ALLOW
931,5.042901,ALLOW
932,106.199876,ALLOW
933,95.579888,ALLOW
934,86.021900,ALLOW
935,77.419710,ALLOW
936,69.677739,ALLOW
937,62.709965,ALLOW
938,56.438968,ALLOW
939,50.795071,ALLOW
940,45.715564,ALLOW
941,41.144008,ALLOW
942,37.029607,ALLOW
943,33.326646,ALLOW
944,66.371636,ALLOW
945,59.734473,ALLOW
946,53.761026,ALLOW
947,48.384923,ALLOW
948,43.546431,ALLOW
949,39.191788,ALLOW
950,35.272609,ALLOW
951,31.745348,ALLOW
952,28.570813,ALLOW
953,25.713732,ALLOW
954,23.142359,ALLOW
955,20.828123,ALLOW
956,18.745311,ALLOW
957,16.870779,ALLOW
958,15.183702,ALLOW
959,13.665331,ALLOW
960,12.298798,ALLOW
961,11.068918,ALLOW
962,9.962027,ALLOW
963,8.965824,ALLOW
964,8.069242,ALLOW
965,7.262317,ALLOW
966,6.536086,ALLOW
967,5.882477,ALLOW
968,5.294229,ALLOW
969,4.764806,ALLOW
970,4.288326,ALLOW
971,3.859493,ALLOW
972,3.473544,ALLOW
973,3.126189,ALLOW
974,2.813571,ALLOW
975,2.532213,ALLOW
976,2.278992,ALLOW
977,2.051093,ALLOW
978,1.845984,ALLOW
979,1.661385,ALLOW
980,1.495247,ALLOW
981,243.339425,ALLOW
982,219.005482,ALLOW
983,197.104934,ALLOW
984,177.394441,ALLOW
985,159.654996,ALLOW
986,143.689497,ALLOW
987,129.320547,ALLOW
988,116.388492,ALLOW
989,104.749643,ALLOW
990,94.274679,ALLOW
991,84.847211,ALLOW
992,76.362490,ALLOW
993,68.726241,ALLOW
994,61.853617,ALLOW
995,55.668255,ALLOW
996,50.101430,ALLOW
997,45.091287,ALLOW
998,40.582158,ALLOW
999,36.523942,ALLOW
1000,32.871548,ALLOW
1001,31.172245,ALLOW
1002,28.055020,ALLOW
1003,25.249518,ALLOW
1004,22.724567,ALLOW
1005,20.452110,ALLOW
1006,18.406899,ALLOW
1007,16.566209,ALLOW
1008,14.909588,ALLOW
1009,13.418629,ALLOW
1010,12.076766,ALLOW
1011,10.869090,ALLOW
1012,9.782181,ALLOW
1013,13.628167,ALLOW
1014,12.265350,ALLOW
1015,11.038815,ALLOW
1016,9.934934,ALLOW
1017,8.941440,ALLOW
1018,8.047296,ALLOW
1019,7.242567,ALLOW
1020,6.518310,ALLOW
1021,5.866479,ALLOW
1022,5.279831,ALLOW
1023,4.751848,ALLOW
1024,4.276663,ALLOW
1025,3.848997,ALLOW
1026,3.464097,ALLOW
1027,3.117687,ALLOW
1028,2.805919,ALLOW
1029,2.525327,ALLOW
1030,2.272794,ALLOW
1031,6.758078,ALLOW
1032,6.082270,ALLOW
1033,5.474043,ALLOW
1034,4.926639,ALLOW
1035,4.433975,ALLOW
1036,3.990578,ALLOW
1037,3.591520,ALLOW
1038,3.232368,ALLOW
1039,2.909131,ALLOW
1040,2.618218,ALLOW
1041,9.017924,ALLOW
1042,8.116131,ALLOW
1043,7.304518,ALLOW
1044,6.574066,ALLOW
1045,5.916660,ALLOW
1046,5.324994,ALLOW
1047,4.792494,ALLOW
1048,4.313245,ALLOW
1049,3.881920,ALLOW
1050,3.493728,ALLOW
1051,3.144356,ALLOW
1052,2.829920,ALLOW
1053,2.546928,ALLOW
1054,2.292235,ALLOW
1055,4.853073,ALLOW
1056,4.367765,ALLOW
1057,3.930989,ALLOW
1058,3.537890,ALLOW
1059,3.184101,ALLOW
1060,2.865691,ALLOW
1061,2.579122,ALLOW
1062,2.321210,ALLOW
1063,2.089089,ALLOW
1064,1.880180,ALLOW
1065,1.692162,ALLOW
1066,1.522946,ALLOW
1067,1.370651,ALLOW
1068,1.233586,ALLOW
1069,4.678019,ALLOW
1070,4.210217,ALLOW
1071,3.789195,ALLOW
1072,3.410276,ALLOW
1073,3.069248,ALLOW
1074,2.762323,ALLOW
1075,2.486091,ALLOW
1076,2.237482,ALLOW
1077,2.013734,ALLOW
1078,1.812360,ALLOW
1079,1.631124,ALLOW
1080,1.468012,ALLOW
1081,1.321211,ALLOW
1082,1.189090,ALLOW
1083,5.815708,ALLOW
1084,5.234137,ALLOW
1085,4.710724,ALLOW
1086,4.239651,ALLOW
1087,3.815686,ALLOW
1088,3.434118,ALLOW
1089,3.090706,ALLOW
1090,2.781635,ALLOW
1091,7.121060,ALLOW
1092,6.408954,ALLOW
1093,5.768058,ALLOW
1094,5.191253,ALLOW
1095,4.672127,ALLOW
1096,4.204915,ALLOW
1097,3.784423,ALLOW
1098,3.405981,ALLOW
1099,3.065383,ALLOW
1100,2.758844,ALLOW
1101,2.482960,ALLOW
1102,2.234664,ALLOW
1103,2.011198,ALLOW
1104,1.810078,ALLOW
1105,1.629070,ALLOW
1106,1.466163,ALLOW
1107,1.319547,ALLOW
1108,1.187592,ALLOW
1109,1.068833,ALLOW
1110,0.961950,ALLOW
1111,0.865755,ALLOW
1112,0.779179,ALLOW
1113,0.701261,ALLOW
1114,0.631135,ALLOW
1115,0.568022,ALLOW
1116,0.511219,ALLOW
1117,0.460097,ALLOW
1118,0.414088,ALLOW
1119,0.372679,ALLOW
1120,0.335411,ALLOW
1121,0.301870,ALLOW
1122,0.271683,ALLOW
1123,7.008328,ALLOW
1124,6.307495,ALLOW
1125,9.186886,ALLOW
1126,8.268198,ALLOW
1127,7.441378,ALLOW
1128,6.697240,ALLOW
1129,6.027516,ALLOW
1130,5.424764,ALLOW
1131,4.882288,ALLOW
1132,4.394059,ALLOW
1133,3.954653,ALLOW
1134,3.559188,ALLOW
1135,3.203269,ALLOW
1136,2.882942,ALLOW
1137,2.594648,ALLOW
1138,2.335183,ALLOW
1139,2.101665,ALLOW
1140,1.891498,ALLOW
1141,1.702349,ALLOW
1142,1.532114,ALLOW
1143,41.988150,ALLOW
1144,37.789335,ALLOW
1145,34.010402,ALLOW
1146,30.609362,ALLOW
1147,27.548425,ALLOW
1148,24.793583,ALLOW
1149,22.314225,ALLOW
1150,20.082802,ALLOW
1151,18.074522,ALLOW
1152,16.267070,ALLOW
1153,14.640363,ALLOW
1154,13.176326,ALLOW
1155,11.858694,ALLOW
1156,18.216187,ALLOW
1157,16.394568,ALLOW
1158,14.755112,ALLOW
1159,13.279600,ALLOW
1160,11.951640,ALLOW
1161,10.756476,ALLOW
1162,9.680829,ALLOW
1163,73.780463,ALLOW
1164,66.402417,ALLOW
1165,59.762175,ALLOW
1166,53.785958,ALLOW
1167,52.049508,ALLOW
1168,46.844557,ALLOW
1169,42.160101,ALLOW
1170,37.944091,ALLOW
1171,34.149682,ALLOW
1172,30.734714,ALLOW
1173,27.661242,ALLOW
1174,24.895118,ALLOW
1175,22.405606,ALLOW
1176,20.165046,ALLOW
1177,18.148541,ALLOW
1178,16.333687,ALLOW
1179,14.700318,ALLOW
1180,13.230287,ALLOW
1181,11.907258,ALLOW
1182,10.716532,ALLOW
1183,9.644879,ALLOW
1184,8.680391,ALLOW
1185,7.812352,ALLOW
1186,7.031117,ALLOW
1187,6.328005,ALLOW
1188,5.695205,ALLOW
1189,5.125684,ALLOW
1190,4.613116,ALLOW
1191,4.151804,ALLOW
1192,3.736624,ALLOW
1193,3.362961,ALLOW
1194,3.026665,ALLOW
1195,2.723999,ALLOW
1196,2.451599,ALLOW
1197,2.206439,ALLOW
1198,1.985795,ALLOW
1199,1.787216,ALLOW
1200,1.608494,ALLOW
1201,1.447645,ALLOW
1202,1.302880,ALLOW
1203,6.005255,ALLOW
1204,5.404729,ALLOW
1205,4.864256,ALLOW
1206,4.377831,ALLOW
1207,3.940048,ALLOW
1208,3.546043,ALLOW
1209,3.191439,ALLOW
1210,2.872295,ALLOW
1211,4.650928,ALLOW
1212,4.185836,ALLOW
1213,3.767252,ALLOW
1214,3.390527,ALLOW
1215,3.051474,ALLOW
1216,2.746327,ALLOW
1217,5.031013,ALLOW
1218,4.527912,ALLOW
1219,4.075121,ALLOW
1220,3.667609,ALLOW
1221,3.300848,ALLOW
1222,2.970763,ALLOW
1223,2.673687,ALLOW
1224,2.406318,ALLOW
1225,2.165686,ALLOW
1226,1.949118,ALLOW
1227,1.754206,ALLOW
1228,1.578785,ALLOW
1229,1.420907,ALLOW
1230,1.278816,ALLOW
1231,1.150934,ALLOW
1232,1.035841,ALLOW
1233,0.932257,ALLOW
1234,0.839031,ALLOW
1235,0.755128,ALLOW
1236,0.679615,ALLOW
1237,0.611654,ALLOW
1238,0.550488,ALLOW
1239,3.098815,ALLOW
1240,2.788934,ALLOW
1241,2.510040,ALLOW
1242,2.259036,ALLOW
1243,2.033133,ALLOW
1244,1.829819,ALLOW
1245,5.365093,ALLOW
1246,4.828584,ALLOW
1247,4.345725,ALLOW
1248,3.911153,ALLOW
1249,3.520037,ALLOW
1250,3.168034,ALLOW
1251,2.851230,ALLOW
1252,2.566107,ALLOW
1253,2.309497,ALLOW
1254,2.078547,ALLOW
1255,1.870692,ALLOW
1256,1.683623,ALLOW
1257,6.377702,ALLOW
1258,5.739932,ALLOW
1259,5.165939,ALLOW
1260,4.649345,ALLOW
1261,4.184410,ALLOW
1262,3.765969,ALLOW
1263,3.389372,ALLOW
1264,3.050435,ALLOW
1265,2.745392,ALLOW
1266,2.470852,ALLOW
1267,2.223767,ALLOW
1268,2.001391,ALLOW
1269,1.801251,ALLOW
1270,1.621126,ALLOW
1271,6.820238,ALLOW
1272,6.138215,ALLOW
1273,5.524393,ALLOW
1274,4.971954,ALLOW
1275,4.474758,ALLOW
1276,4.027283,ALLOW
1277,3.624554,ALLOW
1278,3.262099,ALLOW
1279,2.935889,ALLOW
1280,2.642300,ALLOW
1281,2.378070,ALLOW
1282,2.140263,ALLOW
1283,1.926237,ALLOW
1284,1.733613,ALLOW
1285,1.560252,ALLOW
1286,1.404227,ALLOW
1287,1.263804,ALLOW
1288,1.137424,ALLOW
1289,1.023681,ALLOW
1290,0.921313,ALLOW
1291,0.829182,ALLOW
1292,0.746264,ALLOW
1293,0.671637,ALLOW
1294,0.604474,ALLOW
1295,13.468064,ALLOW
1296,12.121258,ALLOW
1297,10.909132,ALLOW
1298,9.818219,ALLOW
1299,8.836397,ALLOW
1300,7.952757,ALLOW
1301,7.157482,ALLOW
1302,6.441733,ALLOW
1303,5.797560,ALLOW
1304,5.217804,ALLOW
1305,4.696024,ALLOW
1306,4.226421,ALLOW
1307,3.803779,ALLOW
1308,3.423401,ALLOW
1309,3.081061,ALLOW
1310,2.772955,ALLOW
1311,2.495660,ALLOW
1312,2.246094,ALLOW
1313,31.360657,ALLOW
1314,28.224591,ALLOW
1315,25.402132,ALLOW
1316,22.861919,ALLOW
1317,20.575727,ALLOW
1318,18.518154,ALLOW
1319,16.666339,ALLOW
1320,14.999705,ALLOW
1321,13.499734,ALLOW
1322,12.149761,ALLOW
1323,10.934785,ALLOW
1324,9.841306,ALLOW
1325,8.857176,ALLOW
1326,7.971458,ALLOW
1327,7.174312,ALLOW
1328,6.456881,ALLOW
1329,5.811193,ALLOW
1330,5.230074,ALLOW
1331,4.707066,ALLOW
1332,4.236360,ALLOW
1333,3.812724,ALLOW
1334,3.431451,ALLOW
1335,3.088306,ALLOW
1336,2.779476,ALLOW
1337,2.501528,ALLOW
1338,2.251375,ALLOW
1339,2.026238,ALLOW
1340,1.823614,ALLOW
1341,1.641253,ALLOW
1342,1.477127,ALLOW
1343,1.329415,ALLOW
1344,1.196473,ALLOW
1345,1.076826,ALLOW
1346,0.969143,ALLOW
1347,0.872229,ALLOW
1348,0.785006,ALLOW
1349,0.706505,ALLOW
1350,0.635855,ALLOW
1351,0.572269,ALLOW
1352,0.515042,ALLOW
1353,0.463538,ALLOW
1354,0.417184,ALLOW
1355,0.375466,ALLOW
1356,0.337919,ALLOW
1357,0.304127,ALLOW
1358,0.273715,ALLOW
1359,0.246343,ALLOW
1360,0.221709,ALLOW
1361,0.199538,ALLOW
1362,0.179584,ALLOW
1363,0.161626,ALLOW
1364,0.145463,ALLOW
1365,0.130917,ALLOW
1366,0.117825,ALLOW
1367,0.106043,ALLOW
1368,0.095438,ALLOW
1369,0.085895,ALLOW
1370,0.077305,ALLOW
1371,0.069575,ALLOW
1372,0.062617,ALLOW
1373,0.056355,ALLOW
1374,0.050720,ALLOW
1375,0.045648,ALLOW
1376,0.041083,ALLOW
1377,0.036975,ALLOW
1378,0.033277,ALLOW
1379,0.029950,ALLOW
1380,0.026955,ALLOW
1381,0.024259,ALLOW
1382,0.021833,ALLOW
1383,0.019650,ALLOW
1384,0.017685,ALLOW
1385,0.015916,ALLOW
1386,0.014325,ALLOW
1387,0.012892,ALLOW
1388,0.011603,ALLOW
1389,0.010443,ALLOW
1390,0.009398,ALLOW
1391,0.008459,ALLOW
1392,0.007613,ALLOW
1393,0.006852,ALLOW
1394,0.006166,ALLOW
1395,0.005550,ALLOW
1396,0.004995,ALLOW
1397,0.004495,ALLOW
1398,0.004046,ALLOW
1399,0.003641,ALLOW
1400,0.003277,ALLOW
1401,0.002949,ALLOW
1402,0.002654,ALLOW
1403,6.118039,ALLOW
1404,5.506235,ALLOW
1405,4.955611,ALLOW
1406,4.460050,ALLOW
1407,4.014045,ALLOW
1408,3.612641,ALLOW
1409,3.251377,ALLOW
1410,2.926239,ALLOW
1411,2.633615,ALLOW
1412,2.370254,ALLOW
1413,8.133268,ALLOW
1414,7.319941,ALLOW
1415,6.587947,ALLOW
1416,5.929152,ALLOW
1417,5.336237,ALLOW
1418,4.802613,ALLOW
1419,4.322352,ALLOW
1420,3.890117,ALLOW
1421,3.501105,ALLOW
1422,3.150995,ALLOW
1423,2.835895,ALLOW
1424,2.552306,ALLOW
1425,2.297075,ALLOW
1426,2.067368,ALLOW
1427,1.860631,ALLOW
1428,1.674568,ALLOW
1429,1.507111,ALLOW
1430,1.356400,ALLOW
1431,1.220760,ALLOW
1432,1.098684,ALLOW
1433,0.988815,ALLOW
1434,0.889934,ALLOW
1435,0.800941,ALLOW
1436,0.720846,ALLOW
1437,0.648762,ALLOW
1438,0.583886,ALLOW
1439,0.525497,ALLOW
1440,0.472947,ALLOW
1441,0.425653,ALLOW
1442,0.383087,ALLOW
1443,0.344779,ALLOW
1444,0.310301,ALLOW
1445,0.279271,ALLOW
1446,0.251344,ALLOW
1447,0.226209,ALLOW
1448,0.203588,ALLOW
1449,0.183230,ALLOW
1450,0.164907,ALLOW
1451,0.148416,ALLOW
1452,0.133574,ALLOW
1453,0.120217,ALLOW
1454,0.108195,ALLOW
1455,0.097376,ALLOW
1456,0.087638,ALLOW
1457,0.078874,ALLOW
1458,0.070987,ALLOW
1459,0.063888,ALLOW
1460,0.057499,ALLOW
1461,0.051749,ALLOW
1462,0.046574,ALLOW
1463,0.041917,ALLOW
1464,0.037725,ALLOW
1465,0.033953,ALLOW
1466,0.030558,ALLOW
1467,0.027502,ALLOW
1468,0.024752,ALLOW
1469,0.022276,ALLOW
1470,0.020049,ALLOW
1471,0.018044,ALLOW
1472,0.016240,ALLOW
1473,0.014616,ALLOW
1474,0.013154,ALLOW
1475,0.011839,ALLOW
1476,0.010655,ALLOW
1477,0.009589,ALLOW
1478,0.008630,ALLOW
1479,0.007767,ALLOW
1480,0.006991,ALLOW
1481,0.006292,ALLOW
1482,0.005662,ALLOW
1483,0.005096,ALLOW
1484,0.004587,ALLOW
1485,0.004128,ALLOW
1486,0.003715,ALLOW
1487,0.003344,ALLOW
1488,0.003009,ALLOW
1489,0.002708,ALLOW
1490,0.002437,ALLOW
1491,0.002194,ALLOW
1492,0.001974,ALLOW
1493,0.001777,ALLOW
1494,7.002517,ALLOW
1495,6.302265,ALLOW
1496,5.672039,ALLOW
1497,5.104835,ALLOW
1498,4.594351,ALLOW
1499,4.134916,ALLOW
1500,3.721424,ALLOW
1501,3.349282,ALLOW
1502,3.014354,ALLOW
1503,2.712918,ALLOW
1504,6.088190,ALLOW
1505,5.479371,ALLOW
1506,4.931434,ALLOW
1507,4.438291,ALLOW
1508,3.994462,ALLOW
1509,12.670565,ALLOW
1510,11.403509,ALLOW
1511,10.263158,ALLOW
1512,9.236842,ALLOW
1513,8.313158,ALLOW
1514,7.481842,ALLOW
1515,6.733658,ALLOW
1516,6.060292,ALLOW
1517,5.454263,ALLOW
1518,4.908837,ALLOW
1519,4.417953,ALLOW
1520,3.976158,ALLOW
1521,3.578542,ALLOW
1522,3.220688,ALLOW
1523,2.898619,ALLOW
1524,2.608757,ALLOW
1525,2.347881,ALLOW
1526,2.113093,ALLOW
1527,1.901784,ALLOW
1528,1.711605,ALLOW
1529,1.540445,ALLOW
1530,1.386400,ALLOW
1531,1.247760,ALLOW
1532,1.122984,ALLOW
1533,1.010686,ALLOW
1534,0.909617,ALLOW
1535,0.818656,ALLOW
1536,0.736790,ALLOW
1537,0.663111,ALLOW
1538,0.596800,ALLOW
1539,0.537120,ALLOW
1540,0.483408,ALLOW
1541,0.435067,ALLOW
1542,0.391560,ALLOW
1543,0.352404,ALLOW
1544,0.317164,ALLOW
1545,0.285448,ALLOW
1546,0.256903,ALLOW
1547,0.231213,ALLOW
1548,0.208091,ALLOW
1549,0.187282,ALLOW
1550,0.168554,ALLOW
1551,0.151699,ALLOW
1552,0.136529,ALLOW
1553,0.122876,ALLOW
1554,0.110588,ALLOW
1555,116.929137,ALLOW
1556,105.236224,ALLOW
1557,94.712601,ALLOW
1558,85.241341,ALLOW
1559,76.717207,ALLOW
1560,72.058802,ALLOW
1561,64.852922,ALLOW
1562,58.367630,ALLOW
1563,52.530867,ALLOW
1564,47.277780,ALLOW
1565,42.550002,ALLOW
1566,38.295002,ALLOW
1567,34.465502,ALLOW
1568,31.018952,ALLOW
1569,27.917056,ALLOW
1570,30.575709,ALLOW
1571,27.518138,ALLOW
1572,24.766324,ALLOW
1573,22.289692,ALLOW
1574,20.060723,ALLOW
1575,18.054650,ALLOW
1576,16.249185,ALLOW
1577,14.624267,ALLOW
1578,13.161840,ALLOW
1579,11.845656,ALLOW
1580,10.661090,ALLOW
1581,9.594981,ALLOW
1582,8.635483,ALLOW
1583,7.771935,ALLOW
1584,6.994741,ALLOW
1585,6.295267,ALLOW
1586,5.665741,ALLOW
1587,5.099167,ALLOW
1588,4.589250,ALLOW
1589,4.130325,ALLOW
1590,3.717292,ALLOW
1591,3.345563,ALLOW
1592,3.011007,ALLOW
1593,2.709906,ALLOW
1594,2.438916,ALLOW
1595,2.195024,ALLOW
1596,1.975522,ALLOW
1597,1.777969,ALLOW
1598,1.600172,ALLOW
1599,1.440155,ALLOW
1600,1.296140,ALLOW
1601,1.166526,ALLOW
1602,1.049873,ALLOW
1603,0.944886,ALLOW
1604,0.850397,ALLOW
1605,0.765358,ALLOW
1606,0.688822,ALLOW
1607,0.619940,ALLOW
1608,0.557946,ALLOW
1609,0.502151,ALLOW
1610,0.451936,ALLOW
1611,0.406742,ALLOW
1612,0.366068,ALLOW
1613,0.329461,ALLOW
1614,0.296515,ALLOW
1615,0.266864,ALLOW
1616,0.240177,ALLOW
1617,0.216160,ALLOW
1618,0.194544,ALLOW
1619,0.175089,ALLOW
1620,0.157580,ALLOW
1621,9.117914,ALLOW
1622,8.206123,ALLOW
1623,7.385510,ALLOW
1624,6.646959,ALLOW
1625,5.982263,ALLOW
1626,5.384037,ALLOW
1627,4.845633,ALLOW
1628,4.361070,ALLOW
1629,3.924963,ALLOW
1630,3.532467,ALLOW
1631,3.179220,ALLOW
1632,2.861298,ALLOW
1633,2.575168,ALLOW
1634,2.317651,ALLOW
1635,2.085886,ALLOW
1636,1.877298,ALLOW
1637,1.689568,ALLOW
1638,1.520611,ALLOW
1639,1.368550,ALLOW
1640,1.231695,ALLOW
1641,1.108525,ALLOW
1642,0.997673,ALLOW
1643,0.897906,ALLOW
1644,0.808115,ALLOW
1645,0.727304,ALLOW
1646,6.913250,ALLOW
1647,6.221925,ALLOW
1648,5.599732,ALLOW
1649,5.039759,ALLOW
1650,4.535783,ALLOW
1651,4.082205,ALLOW
1652,3.673984,ALLOW
1653,3.306586,ALLOW
1654,2.975927,ALLOW
1655,2.678335,ALLOW
1656,2.410501,ALLOW
1657,2.169451,ALLOW
1658,1.952506,ALLOW
1659,1.757255,ALLOW
1660,1.581530,ALLOW
1661,1.423377,ALLOW
1662,4.054370,ALLOW
1663,3.648933,ALLOW
1664,3.284039,ALLOW
1665,2.955636,ALLOW
1666,2.660072,ALLOW
1667,2.394065,ALLOW
1668,2.154658,ALLOW
1669,1.939192,ALLOW
1670,1.745273,ALLOW
1671,1.570746,ALLOW
1672,1.413671,ALLOW
1673,1.272304,ALLOW
1674,1.145074,ALLOW
1675,1.030566,ALLOW
1676,0.927510,ALLOW
1677,0.834759,ALLOW
1678,0.751283,ALLOW
1679,0.676155,ALLOW
1680,0.608539,ALLOW
1681,0.547685,ALLOW
1682,0.492917,ALLOW
1683,0.443625,ALLOW
1684,0.399263,ALLOW
1685,0.359336,ALLOW
1686,0.323403,ALLOW
1687,0.291062,ALLOW
1688,0.261956,ALLOW
1689,0.235761,ALLOW
1690,0.212184,ALLOW
1691,0.190966,ALLOW
1692,0.171869,ALLOW
1693,0.154682,ALLOW
1694,0.139214,ALLOW
1695,0.125293,ALLOW
1696,0.112764,ALLOW
1697,0.101487,ALLOW
1698,0.091338,ALLOW
1699,0.082205,ALLOW
1700,0.073984,ALLOW
1701,0.066586,ALLOW
1702,0.059927,ALLOW
1703,0.053934,ALLOW
1704,0.048541,ALLOW
1705,0.043687,ALLOW
1706,0.039318,ALLOW
1707,0.035386,ALLOW
1708,0.031848,ALLOW
1709,0.028663,ALLOW
1710,0.025797,ALLOW
1711,0.023217,ALLOW
1712,17.516327,ALLOW
1713,15.764694,ALLOW
1714,14.188224,ALLOW
1715,12.769402,ALLOW
1716,11.492462,ALLOW
1717,12.168354,ALLOW
1718,10.951519,ALLOW
1719,9.856367,ALLOW
1720,8.870730,ALLOW
1721,7.983657,ALLOW
1722,11.267021,ALLOW
1723,10.140319,ALLOW
1724,9.126287,ALLOW
1725,8.213658,ALLOW
1726,7.392292,ALLOW
1727,6.653063,ALLOW
1728,5.987757,ALLOW
1729,5.388981,ALLOW
1730,4.850083,ALLOW
1731,4.365075,ALLOW
1732,3.928567,ALLOW
1733,3.535710,ALLOW
1734,3.182139,ALLOW
1735,2.863925,ALLOW
1736,2.577533,ALLOW
1737,2.319780,ALLOW
1738,2.087802,ALLOW
1739,1.879021,ALLOW
1740,1.691119,ALLOW
1741,1.522007,ALLOW
1742,1.369807,ALLOW
1743,1.232826,ALLOW
1744,1.109543,ALLOW
1745,0.998589,ALLOW
1746,0.898730,ALLOW
1747,0.808857,ALLOW
1748,0.727971,ALLOW
1749,0.655174,ALLOW
1750,0.589657,ALLOW
1751,0.530691,ALLOW
1752,0.477622,ALLOW
1753,0.429860,ALLOW
1754,0.386874,ALLOW
1755,0.348186,ALLOW
1756,0.313368,ALLOW
1757,0.282031,ALLOW
1758,6.333340,ALLOW
1759,5.700006,ALLOW
1760,5.130005,ALLOW
1761,4.617005,ALLOW
1762,4.155304,ALLOW
1763,3.739774,ALLOW
1764,3.365797,ALLOW
1765,3.029217,ALLOW
1766,2.726295,ALLOW
1767,2.453666,ALLOW
1768,2.208299,ALLOW
1769,1.987469,ALLOW
1770,1.788722,ALLOW
1771,1.609850,ALLOW
1772,1.448865,ALLOW
1773,3.903568,ALLOW
1774,3.513211,ALLOW
1775,3.161890,ALLOW
1776,2.845701,ALLOW
1777,2.561131,ALLOW
1778,2.305018,ALLOW
1779,2.074516,ALLOW
1780,1.867064,ALLOW
1781,1.680358,ALLOW
1782,1.512322,ALLOW
1783,1.361090,ALLOW
1784,1.224981,ALLOW
1785,1.102483,ALLOW
1786,0.992235,ALLOW
1787,0.893011,ALLOW
1788,2.530462,ALLOW
1789,2.277416,ALLOW
1790,2.049674,ALLOW
1791,1.844707,ALLOW
1792,1.660236,ALLOW
1793,5.436631,ALLOW
1794,4.892968,ALLOW
1795,4.403671,ALLOW
1796,3.963304,ALLOW
1797,3.566974,ALLOW
1798,3.210276,ALLOW
1799,2.889249,ALLOW
1800,2.600324,ALLOW
1801,2.340291,ALLOW
1802,2.106262,ALLOW
1803,1.895636,ALLOW
1804,1.706072,ALLOW
1805,1.535465,ALLOW
1806,1.381919,ALLOW
1807,1.243727,ALLOW
1808,1.119354,ALLOW
1809,1.007419,ALLOW
1810,0.906677,ALLOW
1811,0.816009,ALLOW
1812,0.734408,ALLOW
1813,0.660967,ALLOW
1814,0.594871,ALLOW
1815,0.535384,ALLOW
1816,0.481845,ALLOW
1817,0.433661,ALLOW
1818,0.390295,ALLOW
1819,0.351265,ALLOW
1820,0.316139,ALLOW
1821,0.284525,ALLOW
1822,0.256072,ALLOW
1823,0.230465,ALLOW
1824,0.207419,ALLOW
1825,0.186677,ALLOW
1826,0.168009,ALLOW
1827,0.151208,ALLOW
1828,0.136087,ALLOW
1829,0.122479,ALLOW
1830,0.110231,ALLOW
1831,0.099208,ALLOW
1832,0.089287,ALLOW
1833,0.080358,ALLOW
1834,0.072322,ALLOW
1835,0.065090,ALLOW
1836,0.058581,ALLOW
1837,0.052723,ALLOW
1838,0.047451,ALLOW
1839,0.042706,ALLOW
1840,0.038435,ALLOW
1841,0.034592,ALLOW
1842,0.031132,ALLOW
1843,0.028019,ALLOW
1844,0.025217,ALLOW
1845,0.022696,ALLOW
1846,0.020426,ALLOW
1847,0.018383,ALLOW
1848,0.016545,ALLOW
1849,0.014891,ALLOW
1850,0.013401,ALLOW
1851,0.012061,ALLOW
1852,0.010855,ALLOW
1853,0.009770,ALLOW
1854,0.008793,ALLOW
1855,0.007913,ALLOW
1856,0.007122,ALLOW
1857,0.006410,ALLOW
1858,0.005769,ALLOW
1859,7.529399,ALLOW
1860,6.776459,ALLOW
1861,6.098813,ALLOW
1862,5.488932,ALLOW
1863,4.940039,ALLOW
1864,4.446035,ALLOW
1865,4.001431,ALLOW
1866,3.601288,ALLOW
1867,3.241159,ALLOW
1868,2.917043,ALLOW
1869,5.746741,ALLOW
1870,5.172067,ALLOW
1871,4.654860,ALLOW
1872,4.189374,ALLOW
1873,3.770437,ALLOW
1874,3.393393,ALLOW
1875,3.054054,ALLOW
1876,2.748648,ALLOW
1877,2.473784,ALLOW
1878,2.226405,ALLOW
1879,2.003765,ALLOW
1880,1.803388,ALLOW
1881,1.623049,ALLOW
1882,1.460744,ALLOW
1883,1.314670,ALLOW
1884,1.183203,ALLOW
1885,1.064883,ALLOW
1886,0.958394,ALLOW
1887,0.862555,ALLOW
1888,0.776299,ALLOW
1889,0.698670,ALLOW
1890,0.628803,ALLOW
1891,0.565922,ALLOW
1892,0.509330,ALLOW
1893,0.458397,ALLOW
1894,0.412557,ALLOW
1895,0.371302,ALLOW
1896,0.334171,ALLOW
1897,0.300754,ALLOW
1898,0.270679,ALLOW
1899,0.243611,ALLOW
1900,10.299036,ALLOW
1901,9.269133,ALLOW
1902,8.342219,ALLOW
1903,7.507997,ALLOW
1904,6.757198,ALLOW
1905,6.081478,ALLOW
1906,5.473330,ALLOW
1907,4.925997,ALLOW
1908,4.433397,ALLOW
1909,3.990058,ALLOW
1910,7.970972,ALLOW
1911,7.173875,ALLOW
1912,6.456488,ALLOW
1913,5.810839,ALLOW
1914,5.229755,ALLOW
1915,4.706779,ALLOW
1916,4.236102,ALLOW
1917,3.812491,ALLOW
1918,3.431242,ALLOW
1919,3.088118,ALLOW
1920,2.779306,ALLOW
1921,2.501376,ALLOW
1922,2.251238,ALLOW
1923,2.026114,ALLOW
1924,1.823503,ALLOW
1925,1.641153,ALLOW
1926,1.477037,ALLOW
1927,1.329334,ALLOW
1928,1.196400,ALLOW
1929,1.076760,ALLOW
1930,0.969084,ALLOW
1931,0.872176,ALLOW
1932,0.784958,ALLOW
1933,0.706462,ALLOW
1934,0.635816,ALLOW
1935,4.221053,ALLOW
1936,3.798948,ALLOW
1937,3.419053,ALLOW
1938,3.077148,ALLOW
1939,2.769433,ALLOW
1940,2.492490,ALLOW
1941,2.243241,ALLOW
1942,2.018917,ALLOW
1943,1.817025,ALLOW
1944,1.635322,ALLOW
1945,1.471790,ALLOW
1946,1.324611,ALLOW
1947,1.192150,ALLOW
1948,1.072935,ALLOW
1949,0.965642,ALLOW
1950,0.869077,ALLOW
1951,0.782170,ALLOW
1952,0.703953,ALLOW
1953,0.633557,ALLOW
1954,0.570202,ALLOW
1955,0.513182,ALLOW
1956,0.461863,ALLOW
1957,0.415677,ALLOW
1958,0.374109,ALLOW
1959,0.336698,ALLOW
1960,0.303029,ALLOW
1961,0.272726,ALLOW
1962,0.245453,ALLOW
1963,0.220908,ALLOW
1964,0.198817,ALLOW
1965,0.178935,ALLOW
1966,0.161042,ALLOW
1967,0.144938,ALLOW
1968,0.130444,ALLOW
1969,0.117399,ALLOW
1970,0.105660,ALLOW
1971,0.095094,ALLOW
1972,0.085584,ALLOW
1973,0.077026,ALLOW
1974,0.069323,ALLOW
1975,0.062391,ALLOW
1976,0.056152,ALLOW
1977,0.050537,ALLOW
1978,0.045483,ALLOW
1979,0.040935,ALLOW
1980,0.036841,ALLOW
1981,0.033157,ALLOW
1982,0.029841,ALLOW
1983,0.026857,ALLOW
1984,0.024172,ALLOW
1985,0.021754,ALLOW
1986,0.019579,ALLOW
1987,0.017621,ALLOW
1988,0.015859,ALLOW
1989,0.014273,ALLOW
1990,0.012846,ALLOW
1991,0.011561,ALLOW
1992,0.010405,ALLOW
1993,0.009365,ALLOW
1994,0.008428,ALLOW
1995,0.007585,ALLOW
1996,0.006827,ALLOW
1997,0.006144,ALLOW
1998,0.005530,ALLOW
1999,0.004977,ALLOW
2000,0.004479,ALLOW
2001,26.034889,ALLOW
2002,23.431400,ALLOW
2003,21.088260,ALLOW
2004,18.979434,ALLOW
2005,17.081491,ALLOW
2006,31.224637,ALLOW
2007,28.102173,ALLOW
2008,25.291956,ALLOW
2009,22.762760,ALLOW
2010,20.486484,ALLOW
2011,18.437836,ALLOW
2012,16.594052,ALLOW
2013,14.934647,ALLOW
2014,13.441182,ALLOW
2015,12.097064,ALLOW
2016,10.887358,ALLOW
2017,9.798622,ALLOW
2018,8.818760,ALLOW
2019,7.936884,ALLOW
2020,7.143195,ALLOW
2021,6.428876,ALLOW
2022,5.785988,ALLOW
2023,5.207389,ALLOW
2024,4.686651,ALLOW
2025,4.217985,ALLOW
2026,3.796187,ALLOW
2027,3.416568,ALLOW
2028,3.074911,ALLOW
2029,2.767420,ALLOW
2030,2.490678,ALLOW
2031,2.241610,ALLOW
2032,2.017449,ALLOW
2033,1.815704,ALLOW
2034,1.634134,ALLOW
2035,1.470721,ALLOW
2036,1.323649,ALLOW
2037,1.191284,ALLOW
2038,1.072155,ALLOW
2039,0.964940,ALLOW
2040,0.868446,ALLOW
2041,0.781601,ALLOW
2042,0.703441,ALLOW
2043,0.633097,ALLOW
2044,0.569787,ALLOW
2045,0.512809,ALLOW
2046,0.461528,ALLOW
2047,2.050662,ALLOW
2048,1.845595,ALLOW
2049,1.661036,ALLOW
2050,1.494932,ALLOW
2051,1.345439,ALLOW
2052,1.210895,ALLOW
2053,1.089806,ALLOW
2054,0.980825,ALLOW
2055,0.882743,ALLOW
2056,0.794468,ALLOW
2057,2.341075,ALLOW
2058,2.106968,ALLOW
2059,1.896271,ALLOW
2060,1.706644,ALLOW
2061,1.535979,ALLOW
2062,4.293829,ALLOW
2063,3.864446,ALLOW
2064,3.478002,ALLOW
2065,3.130202,ALLOW
2066,2.817181,ALLOW
2067,2.535463,ALLOW
2068,2.281917,ALLOW
2069,2.053725,ALLOW
2070,1.848353,ALLOW
2071,1.663517,ALLOW
2072,3.390435,ALLOW
2073,3.051391,ALLOW
2074,2.746252,ALLOW
2075,2.471627,ALLOW
2076,2.224464,ALLOW
2077,2.002018,ALLOW
2078,1.801816,ALLOW
2079,1.621635,ALLOW
2080,1.459471,ALLOW
2081,1.313524,ALLOW
2082,1.182172,ALLOW
2083,1.063954,ALLOW
2084,0.957559,ALLOW
2085,0.861803,ALLOW
2086,0.775623,ALLOW
2087,0.698060,ALLOW
2088,0.628254,ALLOW
2089,0.565429,ALLOW
2090,0.508886,ALLOW
2091,0.457997,ALLOW
2092,0.412198,ALLOW
2093,0.370978,ALLOW
2094,0.333880,ALLOW
2095,0.300492,ALLOW
2096,0.270443,ALLOW
2097,0.243399,ALLOW
2098,0.219059,ALLOW
2099,0.197153,ALLOW
2100,0.177438,ALLOW
2101,0.159694,ALLOW
2102,0.143724,ALLOW
2103,0.129352,ALLOW
2104,0.116417,ALLOW
2105,0.104775,ALLOW
2106,0.094298,ALLOW
2107,0.084868,ALLOW
2108,0.076381,ALLOW
2109,0.068743,ALLOW
2110,0.061869,ALLOW
2111,0.055682,ALLOW
2112,0.050114,ALLOW
2113,7.388620,ALLOW
2114,6.649758,ALLOW
2115,5.984782,ALLOW
2116,5.386304,ALLOW
2117,4.847674,ALLOW
2118,4.362906,ALLOW
2119,3.926616,ALLOW
2120,3.533954,ALLOW
2121,3.180559,ALLOW
2122,2.862503,ALLOW
2123,2.576252,ALLOW
2124,2.318627,ALLOW
2125,2.086764,ALLOW
2126,1.878088,ALLOW
2127,1.690279,ALLOW
2128,4.406576,ALLOW
2129,3.965918,ALLOW
2130,3.569327,ALLOW
2131,3.212394,ALLOW
2132,2.891155,ALLOW
2133,2.602039,ALLOW
2134,2.341835,ALLOW
2135,2.107652,ALLOW
2136,1.896886,ALLOW
2137,1.707198,ALLOW
2138,6.997402,ALLOW
2139,6.297662,ALLOW
2140,5.667896,ALLOW
2141,5.101106,ALLOW
2142,4.590996,ALLOW
2143,4.131896,ALLOW
2144,3.718706,ALLOW
2145,3.346836,ALLOW
2146,3.012152,ALLOW
2147,2.710937,ALLOW
2148,2.439843,ALLOW
2149,2.195859,ALLOW
2150,1.976273,ALLOW
2151,1.778646,ALLOW
2152,1.600781,ALLOW
2153,1.440703,ALLOW
2154,1.296633,ALLOW
2155,1.166969,ALLOW
2156,1.050273,ALLOW
2157,0.945245,ALLOW
2158,0.850721,ALLOW
2159,0.765649,ALLOW
2160,0.689084,ALLOW
2161,0.620175,ALLOW
2162,0.558158,ALLOW
2163,0.502342,ALLOW
2164,0.452108,ALLOW
2165,0.406897,ALLOW
2166,0.366207,ALLOW
2167,0.329587,ALLOW
2168,0.296628,ALLOW
2169,0.266965,ALLOW
2170,0.240269,ALLOW
2171,0.216242,ALLOW
2172,0.194618,ALLOW
2173,0.175156,ALLOW
2174,0.157640,ALLOW
2175,0.141876,ALLOW
2176,0.127689,ALLOW
2177,0.114920,ALLOW
2178,0.103428,ALLOW
2179,0.093085,ALLOW
2180,0.083777,ALLOW
2181,0.075399,ALLOW
2182,0.067859,ALLOW
2183,0.061073,ALLOW
2184,0.054966,ALLOW
2185,0.049469,ALLOW
2186,0.044522,ALLOW
2187,0.040070,ALLOW
2188,0.036063,ALLOW
2189,2.567827,ALLOW
2190,2.311045,ALLOW
2191,2.079940,ALLOW
2192,1.871946,ALLOW
2193,1.684752,ALLOW
2194,79.917582,ALLOW
2195,71.925824,ALLOW
2196,64.733242,ALLOW
2197,58.259917,ALLOW
2198,52.433926,ALLOW
2199,50.054633,ALLOW
2200,45.049170,ALLOW
2201,40.544253,ALLOW
2202,36.489828,ALLOW
2203,32.840845,ALLOW
2204,29.556760,ALLOW
2205,26.601084,ALLOW
2206,23.940976,ALLOW
2207,21.546878,ALLOW
2208,19.392190,ALLOW
2209,17.452971,ALLOW
2210,15.707674,ALLOW
2211,14.136907,ALLOW
2212,12.723216,ALLOW
2213,11.450895,ALLOW
2214,12.104205,ALLOW
2215,10.893785,ALLOW
2216,9.804406,ALLOW
2217,8.823966,ALLOW
2218,7.941569,ALLOW
2219,7.147412,ALLOW
2220,6.432671,ALLOW
2221,5.789404,ALLOW
2222,5.210464,ALLOW
2223,4.689417,ALLOW
2224,4.220475,ALLOW
2225,3.798428,ALLOW
2226,3.418585,ALLOW
2227,3.076727,ALLOW
2228,2.769054,ALLOW
2229,2.492149,ALLOW
2230,2.242934,ALLOW
2231,2.018640,ALLOW
2232,1.816776,ALLOW
2233,1.635099,ALLOW
2234,1.471589,ALLOW
2235,1.324430,ALLOW
2236,1.191987,ALLOW
2237,1.072788,ALLOW
2238,0.965509,ALLOW
2239,0.868958,ALLOW
2240,0.782063,ALLOW
2241,0.703856,ALLOW
2242,0.633471,ALLOW
2243,0.570124,ALLOW
2244,0.513111,ALLOW
2245,0.461800,ALLOW
2246,0.415620,ALLOW
2247,0.374058,ALLOW
2248,0.336652,ALLOW
2249,0.302987,ALLOW
2250,0.272688,ALLOW
2251,0.245420,ALLOW
2252,0.220878,ALLOW
2253,0.198790,ALLOW
2254,0.178911,ALLOW
2255,0.161020,ALLOW
2256,0.144918,ALLOW
2257,0.130426,ALLOW
2258,0.117383,ALLOW
2259,0.105645,ALLOW
2260,1.710048,ALLOW
2261,1.539043,ALLOW
2262,1.385139,ALLOW
2263,1.246625,ALLOW
2264,1.121963,ALLOW
2265,1.009766,ALLOW
2266,0.908790,ALLOW
2267,0.817911,ALLOW
2268,0.736120,ALLOW
2269,0.662508,ALLOW
2270,16.831677,ALLOW
2271,15.148509,ALLOW
2272,13.633658,ALLOW
2273,12.270292,ALLOW
2274,11.043263,ALLOW
2275,9.938937,ALLOW
2276,8.945043,ALLOW
2277,8.050539,ALLOW
2278,7.245485,ALLOW
2279,6.520936,ALLOW
2280,5.868843,ALLOW
2281,5.281959,ALLOW
2282,4.753763,ALLOW
2283,4.278386,ALLOW
2284,3.850548,ALLOW
2285,3.465493,ALLOW
2286,3.118944,ALLOW
2287,2.807049,ALLOW
2288,2.526344,ALLOW
2289,2.273710,ALLOW
2290,14.865679,ALLOW
2291,13.379111,ALLOW
2292,12.041200,ALLOW
2293,10.837080,ALLOW
2294,9.753372,ALLOW
2295,8.778035,ALLOW
2296,7.900231,ALLOW
2297,7.110208,ALLOW
2298,6.399187,ALLOW
2299,5.759268,ALLOW
2300,5.183342,ALLOW
2301,4.665007,ALLOW
2302,4.198507,ALLOW
2303,3.778656,ALLOW
2304,3.400790,ALLOW
2305,3.060711,ALLOW
2306,2.754640,ALLOW
2307,2.479176,ALLOW
2308,2.231259,ALLOW
2309,2.008133,ALLOW
2310,1.807319,ALLOW
2311,1.626588,ALLOW
2312,1.463929,ALLOW
2313,1.317536,ALLOW
2314,1.185782,ALLOW
2315,1.067204,ALLOW
2316,0.960484,ALLOW
2317,0.864435,ALLOW
2318,0.777992,ALLOW
2319,0.700193,ALLOW
2320,0.630173,ALLOW
2321,0.567156,ALLOW
2322,0.510440,ALLOW
2323,0.459396,ALLOW
2324,0.413457,ALLOW
2325,0.372111,ALLOW
2326,0.334900,ALLOW
2327,0.301410,ALLOW
2328,0.271269,ALLOW
2329,0.244142,ALLOW
2330,0.219728,ALLOW
2331,0.197755,ALLOW
2332,0.177980,ALLOW
2333,0.160182,ALLOW
2334,0.144163,ALLOW
2335,0.129747,ALLOW
2336,0.116772,ALLOW
2337,0.105095,ALLOW
2338,0.094586,ALLOW
2339,0.085127,ALLOW
2340,0.076614,ALLOW
2341,2.615412,ALLOW
2342,2.353871,ALLOW
2343,2.118483,ALLOW
2344,1.906635,ALLOW
2345,1.715972,ALLOW
2346,1.544374,ALLOW
2347,1.389937,ALLOW
2348,1.250943,ALLOW
2349,1.125849,ALLOW
2350,1.013264,ALLOW
2351,6.110244,ALLOW
2352,5.499220,ALLOW
2353,4.949298,ALLOW
2354,4.454368,ALLOW
2355,4.008931,ALLOW
2356,3.608038,ALLOW
2357,3.247234,ALLOW
2358,2.922511,ALLOW
2359,2.630260,ALLOW
2360,2.367234,ALLOW
2361,2.130510,ALLOW
2362,1.917459,ALLOW
2363,1.725713,ALLOW
2364,1.553142,ALLOW
2365,1.397828,ALLOW
2366,1.258045,ALLOW
2367,1.132241,ALLOW
2368,1.019017,ALLOW
2369,0.917115,ALLOW
2370,0.825403,ALLOW
2371,0.742863,ALLOW
2372,0.668577,ALLOW
2373,0.601719,ALLOW
2374,0.541547,ALLOW
2375,0.487392,ALLOW
2376,0.438653,ALLOW
2377,0.394788,ALLOW
2378,0.355309,ALLOW
2379,0.319778,ALLOW
2380,0.287800,ALLOW
2381,0.259020,ALLOW
2382,0.233118,ALLOW
2383,0.209806,ALLOW
2384,0.188826,ALLOW
2385,0.169943,ALLOW
2386,0.152949,ALLOW
2387,0.137654,ALLOW
2388,0.123889,ALLOW
2389,0.111500,ALLOW
2390,0.100350,ALLOW
2391,0.090315,ALLOW
2392,0.081283,ALLOW
2393,0.073155,ALLOW
2394,0.065839,ALLOW
2395,0.059256,ALLOW
2396,0.053330,ALLOW
2397,0.047997,ALLOW
2398,0.043197,ALLOW
2399,0.038878,ALLOW
2400,0.034990,ALLOW
2401,0.031491,ALLOW
2402,0.028342,ALLOW
2403,0.025508,ALLOW
2404,0.022957,ALLOW
2405,0.020661,ALLOW
2406,0.018595,ALLOW
2407,0.016736,ALLOW
2408,0.015062,ALLOW
2409,0.013556,ALLOW
2410,0.012200,ALLOW
2411,0.010980,ALLOW
2412,0.009882,ALLOW
2413,0.008894,ALLOW
2414,0.008005,ALLOW
2415,0.007204,ALLOW
2416,0.006484,ALLOW
2417,0.005835,ALLOW
2418,0.005252,ALLOW
2419,7.832558,ALLOW
2420,7.049302,ALLOW
2421,6.344372,ALLOW
2422,5.709934,ALLOW
2423,5.138941,ALLOW
2424,4.625047,ALLOW
2425,4.162542,ALLOW
2426,3.746288,ALLOW
2427,3.371659,ALLOW
2428,6.560517,ALLOW
2429,5.904466,ALLOW
2430,5.314019,ALLOW
2431,4.782617,ALLOW
2432,4.304355,ALLOW
2433,3.873920,ALLOW
2434,3.486528,ALLOW
2435,3.137875,ALLOW
2436,2.824088,ALLOW
2437,2.541679,ALLOW
2438,2.287511,ALLOW
2439,2.058760,ALLOW
2440,1.852884,ALLOW
2441,1.667595,ALLOW
2442,1.500836,ALLOW
2443,1.350752,ALLOW
2444,1.215677,ALLOW
2445,1.094109,ALLOW
2446,4.452754,ALLOW
2447,4.007478,ALLOW
2448,3.606731,ALLOW
2449,7.403282,ALLOW
2450,6.662953,ALLOW
2451,5.996658,ALLOW
2452,5.396992,ALLOW
2453,4.857293,ALLOW
2454,4.371564,ALLOW
2455,3.934407,ALLOW
2456,1150.016034,ALLOW
2457,1035.014431,ALLOW
2458,931.512988,ALLOW
2459,838.361689,ALLOW
2460,754.525520,ALLOW
2461,679.072968,ALLOW
2462,611.165671,ALLOW
2463,550.049104,ALLOW
2464,495.044194,ALLOW
2465,445.539774,ALLOW
2466,400.985797,ALLOW
2467,360.887217,ALLOW
2468,324.798495,ALLOW
2469,292.318646,ALLOW
2470,263.086781,ALLOW
2471,236.778103,ALLOW
2472,213.100293,ALLOW
2473,191.790264,ALLOW
2474,172.611237,ALLOW
2475,155.350113,ALLOW
2476,139.815102,ALLOW
2477,125.833592,ALLOW
2478,113.250233,ALLOW
2479,101.925209,ALLOW
2480,91.732689,ALLOW
2481,82.559420,ALLOW
2482,74.303478,ALLOW
2483,66.873130,ALLOW
2484,60.185817,ALLOW
2485,54.167235,ALLOW
2486,48.750512,ALLOW
2487,43.875461,ALLOW
2488,39.487914,ALLOW
2489,50.467425,ALLOW
2490,45.420682,ALLOW
2491,40.878614,ALLOW
2492,36.790753,ALLOW
2493,33.111677,ALLOW
2494,29.800510,ALLOW
2495,26.820459,ALLOW
2496,24.138413,ALLOW
2497,21.724572,ALLOW
2498,19.552114,ALLOW
2499,17.596903,ALLOW
2500,15.837213,ALLOW
2501,14.253491,ALLOW
2502,12.828142,ALLOW
2503,11.545328,ALLOW
2504,10.390795,ALLOW
2505,9.351716,ALLOW
2506,8.416544,ALLOW
2507,7.574890,ALLOW
2508,6.817401,ALLOW
2509,6.135661,ALLOW
2510,5.522095,ALLOW
2511,4.969885,ALLOW
2512,4.472897,ALLOW
2513,4.025607,ALLOW
2514,3.623046,ALLOW
2515,3.260742,ALLOW
2516,2.934667,ALLOW
2517,2.641201,ALLOW
2518,2.377081,ALLOW
2519,2.139373,ALLOW
2520,1.925435,ALLOW
2521,33.235261,ALLOW
2522,29.911735,ALLOW
2523,26.920562,ALLOW
2524,24.228505,ALLOW
2525,21.805655,ALLOW
2526,19.625089,ALLOW
2527,17.662580,ALLOW
2528,15.896322,ALLOW
2529,14.306690,ALLOW
2530,12.876021,ALLOW
2531,11.588419,ALLOW
2532,10.429577,ALLOW
2533,9.386619,ALLOW
2534,8.447957,ALLOW
2535,7.603162,ALLOW
2536,6.842846,ALLOW
2537,6.158561,ALLOW
2538,5.542705,ALLOW
2539,4.988434,ALLOW
2540,4.489591,ALLOW
2541,4.040632,ALLOW
2542,3.636569,ALLOW
2543,3.272912,ALLOW
2544,26.845447,ALLOW
2545,24.160903,ALLOW
2546,21.744812,ALLOW
2547,19.570331,ALLOW
2548,17.613298,ALLOW
2549,15.851968,ALLOW
2550,20.384810,ALLOW
2551,18.346329,ALLOW
2552,16.511696,ALLOW
2553,14.860527,ALLOW
2554,15.968226,ALLOW
2555,14.371403,ALLOW
2556,12.934263,ALLOW
2557,11.640836,ALLOW
2558,10.476753,ALLOW
2559,9.429078,ALLOW
2560,8.486170,ALLOW
2561,7.637553,ALLOW
2562,6.873798,ALLOW
2563,6.186418,ALLOW
2564,5.567776,ALLOW
2565,5.010998,ALLOW
2566,4.509899,ALLOW
2567,4.058909,ALLOW
2568,3.653018,ALLOW
2569,3.287716,ALLOW
2570,2.958944,ALLOW
2571,2.663050,ALLOW
2572,2.396745,ALLOW
2573,2.157071,ALLOW
2574,1.941363,ALLOW
2575,1.747227,ALLOW
2576,1.572504,ALLOW
2577,1.415254,ALLOW
2578,1.273729,ALLOW
2579,1.146356,ALLOW
2580,1.031720,ALLOW
2581,0.928548,ALLOW
2582,0.835693,ALLOW
2583,0.752124,ALLOW
2584,0.676912,ALLOW
2585,0.609220,ALLOW
2586,0.548298,ALLOW
2587,0.493469,ALLOW
2588,2.797563,ALLOW
2589,2.517807,ALLOW
2590,2.266026,ALLOW
2591,2.039424,ALLOW
2592,1.835481,ALLOW
2593,1.651933,ALLOW
2594,1.486740,ALLOW
2595,1.338066,ALLOW
2596,1.204259,ALLOW
2597,1.083833,ALLOW
2598,7.653097,ALLOW
2599,6.887788,ALLOW
2600,6.199009,ALLOW
2601,5.579108,ALLOW
2602,5.021197,ALLOW
2603,4.519077,ALLOW
2604,4.067170,ALLOW
2605,3.660453,ALLOW
2606,3.294407,ALLOW
2607,2.964967,ALLOW
2608,2.668470,ALLOW
2609,2.401623,ALLOW
2610,2.161461,ALLOW
2611,1.945315,ALLOW
2612,1.750783,ALLOW
2613,1.575705,ALLOW
2614,1.418134,ALLOW
2615,1.276321,ALLOW
2616,1.148689,ALLOW
2617,1.033820,ALLOW
2618,0.930438,ALLOW
2619,0.837394,ALLOW
2620,0.753655,ALLOW
2621,0.678289,ALLOW
2622,0.610460,ALLOW
2623,0.549414,ALLOW
2624,0.494473,ALLOW
2625,0.445026,ALLOW
2626,0.400523,ALLOW
2627,0.360471,ALLOW
2628,0.324424,ALLOW
2629,0.291981,ALLOW
2630,0.262783,ALLOW
2631,0.236505,ALLOW
2632,0.212854,ALLOW
2633,0.191569,ALLOW
2634,7.353273,ALLOW
2635,6.617946,ALLOW
2636,9.916872,ALLOW
2637,8.925185,ALLOW
2638,8.032666,ALLOW
2639,7.229399,ALLOW
2640,6.506460,ALLOW
2641,5.855814,ALLOW
2642,5.270232,ALLOW
2643,4.743209,ALLOW
2644,67.471296,ALLOW
2645,60.724166,ALLOW
2646,54.651749,ALLOW
2647,49.186574,ALLOW
2648,44.267917,ALLOW
2649,39.841125,ALLOW
2650,35.857013,ALLOW
2651,32.271312,ALLOW
2652,29.044180,ALLOW
2653,26.139762,ALLOW
2654,23.525786,ALLOW
2655,21.173207,ALLOW
2656,19.055887,ALLOW
2657,17.150298,ALLOW
2658,15.435268,ALLOW
2659,13.891741,ALLOW
2660,12.502567,ALLOW
2661,11.252311,ALLOW
2662,10.127080,ALLOW
2663,9.114372,ALLOW
2664,8.202934,ALLOW
2665,7.382641,ALLOW
2666,6.644377,ALLOW
2667,5.979939,ALLOW
2668,5.381945,ALLOW
2669,4.843751,ALLOW
2670,4.359376,ALLOW
2671,3.923438,ALLOW
2672,3.531094,ALLOW
2673,3.177985,ALLOW
2674,6.469725,ALLOW
2675,5.822752,ALLOW
2676,5.240477,ALLOW
2677,4.716429,ALLOW
2678,4.244787,ALLOW
2679,3.820308,ALLOW
2680,3.438277,ALLOW
2681,3.094449,ALLOW
2682,2.785004,ALLOW
2683,2.506504,ALLOW
2684,2.255854,ALLOW
2685,2.030268,ALLOW
2686,1.827241,ALLOW
2687,1.644517,ALLOW
2688,1.480066,ALLOW
2689,1.332059,ALLOW
2690,1.198853,ALLOW
2691,1.078968,ALLOW
2692,0.971071,ALLOW
2693,0.873964,ALLOW
2694,83.393993,ALLOW
2695,75.054594,ALLOW
2696,67.549134,ALLOW
2697,60.794221,ALLOW
2698,54.714799,ALLOW
2699,49.243319,ALLOW
2700,52.019922,ALLOW
2701,46.817930,ALLOW
2702,42.136137,ALLOW
2703,37.922523,ALLOW
2704,34.130271,ALLOW
2705,30.717244,ALLOW
2706,27.645519,ALLOW
2707,29.146232,ALLOW
2708,26.231608,ALLOW
2709,23.608448,ALLOW
2710,21.247603,ALLOW
2711,19.122843,ALLOW
2712,17.210558,ALLOW
2713,15.489502,ALLOW
2714,13.940552,ALLOW
2715,12.546497,ALLOW
2716,42.173252,ALLOW
2717,37.955926,ALLOW
2718,34.160334,ALLOW
2719,30.744300,ALLOW
2720,27.669870,ALLOW
2721,24.902883,ALLOW
2722,25.556716,ALLOW
2723,23.001045,ALLOW
2724,20.700940,ALLOW
2725,18.630846,ALLOW
2726,16.767762,ALLOW
2727,15.090985,ALLOW
2728,13.581887,ALLOW
2729,12.223698,ALLOW
2730,11.001328,ALLOW
2731,9.901196,ALLOW
2732,8.911076,ALLOW
2733,8.019968,ALLOW
2734,7.217972,ALLOW
2735,6.496174,ALLOW
2736,5.846557,ALLOW
2737,5.261901,ALLOW
2738,4.735711,ALLOW
2739,4.262140,ALLOW
2740,3.835926,ALLOW
2741,3.452333,ALLOW
2742,3.107100,ALLOW
2743,2.796390,ALLOW
2744,2.516751,ALLOW
2745,2.265076,ALLOW
2746,2.038568,ALLOW
2747,1.834712,ALLOW
2748,1.651240,ALLOW
2749,1.486116,ALLOW
2750,1.337505,ALLOW
2751,1.203754,ALLOW
2752,1.083379,ALLOW
2753,0.975041,ALLOW
2754,0.877537,ALLOW
2755,0.789783,ALLOW
2756,75.859838,ALLOW
2757,68.273855,ALLOW
2758,69.518094,ALLOW
2759,62.566285,ALLOW
2760,60.051745,ALLOW
2761,54.046570,ALLOW
2762,48.641913,ALLOW
2763,43.777722,ALLOW
2764,39.399950,ALLOW
2765,35.459955,ALLOW
2766,31.913959,ALLOW
2767,28.722563,ALLOW
2768,56.850177,ALLOW
2769,51.165160,ALLOW
2770,46.048644,ALLOW
2771,41.443779,ALLOW
2772,37.299401,ALLOW
2773,33.569461,ALLOW
2774,30.212515,ALLOW
2775,27.191264,ALLOW
2776,24.472137,ALLOW
2777,22.024923,ALLOW
2778,19.822431,ALLOW
2779,17.840188,ALLOW
2780,16.056169,ALLOW
2781,14.450552,ALLOW
2782,13.005497,ALLOW
2783,11.704947,ALLOW
2784,10.534453,ALLOW
2785,9.481007,ALLOW
2786,8.532907,ALLOW
2787,7.679616,ALLOW
2788,10.889580,ALLOW
2789,9.800622,ALLOW
2790,8.820560,ALLOW
2791,7.938504,ALLOW
2792,7.144654,ALLOW
2793,6.430188,ALLOW
2794,5.787169,ALLOW
2795,5.208453,ALLOW
2796,4.687607,ALLOW
2797,4.218847,ALLOW
2798,6.769027,ALLOW
2799,6.092124,ALLOW
2800,5.482912,ALLOW
2801,4.934621,ALLOW
2802,4.441158,ALLOW
2803,3.997043,ALLOW
2804,7.348374,ALLOW
2805,6.613536,ALLOW
2806,5.952183,ALLOW
2807,5.356964,ALLOW
2808,4.821268,ALLOW
2809,4.339141,ALLOW
2810,3.905227,ALLOW
2811,3.514704,ALLOW
2812,3.163234,ALLOW
2813,2.846911,ALLOW
2814,2.562219,ALLOW
2815,2.305998,ALLOW
2816,2.075398,ALLOW
2817,1.867858,ALLOW
2818,1.681072,ALLOW
2819,1.512965,ALLOW
2820,1.361668,ALLOW
2821,1.225502,ALLOW
2822,1.102951,ALLOW
2823,0.992656,ALLOW
2824,0.893391,ALLOW
2825,0.804052,ALLOW
2826,0.723646,ALLOW
2827,0.651282,ALLOW
2828,0.586154,ALLOW
2829,0.527538,ALLOW
2830,32.863397,ALLOW
2831,29.577057,ALLOW
2832,26.619351,ALLOW
2833,23.957416,ALLOW
2834,21.561674,ALLOW
2835,19.405507,ALLOW
2836,17.464956,ALLOW
2837,15.718461,ALLOW
2838,14.146615,ALLOW
2839,12.731953,ALLOW
2840,11.458758,ALLOW
2841,10.312882,ALLOW
2842,9.281594,ALLOW
2843,8.353434,ALLOW
2844,7.518091,ALLOW
2845,6.766282,ALLOW
2846,6.089654,ALLOW
2847,5.480688,ALLOW
2848,4.932620,ALLOW
2849,4.439358,ALLOW
2850,3.995422,ALLOW
2851,3.595880,ALLOW
2852,3.236292,ALLOW
2853,2.912662,ALLOW
2854,2.621396,ALLOW
2855,2.359257,ALLOW
2856,2.123331,ALLOW
2857,1.910998,ALLOW
2858,1.719898,ALLOW
2859,1.547908,ALLOW
2860,1.393117,ALLOW
2861,1.253806,ALLOW
2862,1.128425,ALLOW
2863,1.015583,ALLOW
2864,0.914024,ALLOW
2865,0.822622,ALLOW
2866,0.740360,ALLOW
2867,0.666324,ALLOW
2868,0.599691,ALLOW
2869,0.539722,ALLOW
2870,0.485750,ALLOW
2871,0.437175,ALLOW
2872,0.393458,ALLOW
2873,0.354112,ALLOW
2874,0.318701,ALLOW
2875,0.286831,ALLOW
2876,0.258147,ALLOW
2877,0.232333,ALLOW
2878,0.209099,ALLOW
2879,0.188190,ALLOW
2880,0.169371,ALLOW
2881,0.152434,ALLOW
2882,0.137190,ALLOW
2883,0.123471,ALLOW
2884,0.111124,ALLOW
2885,0.100012,ALLOW
2886,0.090010,ALLOW
2887,0.081009,ALLOW
2888,0.072908,ALLOW
2889,0.065618,ALLOW
2890,0.059056,ALLOW
2891,0.053150,ALLOW
2892,0.047835,ALLOW
2893,0.043052,ALLOW
2894,0.038747,ALLOW
2895,0.034872,ALLOW
2896,0.031385,ALLOW
2897,0.028246,ALLOW
2898,0.025422,ALLOW
2899,0.022879,ALLOW
2900,0.020592,ALLOW
2901,0.018532,ALLOW
2902,0.016679,ALLOW
2903,0.015011,ALLOW
2904,0.013510,ALLOW
2905,0.012159,ALLOW
2906,0.010943,ALLOW
2907,0.009849,ALLOW
2908,0.008864,ALLOW
2909,2.277518,ALLOW
2910,2.049766,ALLOW
2911,4.137004,ALLOW
2912,3.723304,ALLOW
2913,3.350974,ALLOW
2914,3.015876,ALLOW
2915,2.714289,ALLOW
2916,2.442860,ALLOW
2917,127.465630,ALLOW
2918,114.719067,ALLOW
2919,103.247160,ALLOW
2920,92.922444,ALLOW
2921,83.630200,ALLOW
2922,75.267180,ALLOW
2923,67.740462,ALLOW
2924,60.966415,ALLOW
2925,54.869774,ALLOW
2926,49.382797,ALLOW
2927,49.548640,ALLOW
2928,44.593776,ALLOW
2929,40.134399,ALLOW
2930,36.120959,ALLOW
2931,32.508863,ALLOW
2932,29.257977,ALLOW
2933,26.332179,ALLOW
2934,23.698961,ALLOW
2935,21.329065,ALLOW
2936,19.196159,ALLOW
2937,17.276543,ALLOW
2938,15.548888,ALLOW
2939,13.994000,ALLOW
2940,12.594600,ALLOW
2941,11.335140,ALLOW
2942,10.201626,ALLOW
2943,9.181463,ALLOW
2944,8.263317,ALLOW
2945,11.653651,ALLOW
2946,10.488286,ALLOW
2947,9.439457,ALLOW
2948,8.495512,ALLOW
2949,9.824210,ALLOW
2950,8.841789,ALLOW
2951,7.957610,ALLOW
2952,7.161849,ALLOW
2953,6.445664,ALLOW
2954,5.801098,ALLOW
2955,5.220988,ALLOW
2956,4.698889,ALLOW
2957,4.229000,ALLOW
2958,3.806100,ALLOW
2959,3.425490,ALLOW
2960,3.082941,ALLOW
2961,2.774647,ALLOW
2962,2.497182,ALLOW
2963,2.247464,ALLOW
2964,2.022718,ALLOW
2965,1.820446,ALLOW
2966,1.638401,ALLOW
2967,1.474561,ALLOW
2968,1.327105,ALLOW
2969,1.194395,ALLOW
2970,1.074955,ALLOW
2971,0.967460,ALLOW
2972,0.870714,ALLOW
2973,0.783642,ALLOW
2974,0.705278,ALLOW
2975,0.634750,ALLOW
2976,0.571275,ALLOW
2977,0.514148,ALLOW
2978,0.462733,ALLOW
2979,0.416460,ALLOW
2980,0.374814,ALLOW
2981,0.337332,ALLOW
2982,0.303599,ALLOW
2983,0.273239,ALLOW
2984,0.245915,ALLOW
2985,0.221324,ALLOW
2986,0.199191,ALLOW
2987,5.827618,ALLOW
2988,5.244857,ALLOW
2989,4.720371,ALLOW
2990,4.248334,ALLOW
2991,7.306924,ALLOW
2992,6.576231,ALLOW
2993,5.918608,ALLOW
2994,5.326747,ALLOW
2995,4.794073,ALLOW
2996,4.314665,ALLOW
2997,3.883199,ALLOW
2998,3.494879,ALLOW
2999,3.145391,ALLOW
3000,2.830852,ALLOW
3001,7.039546,ALLOW
3002,6.335592,ALLOW
3003,5.702032,ALLOW
3004,5.131829,ALLOW
3005,4.618646,ALLOW
3006,4.156782,ALLOW
3007,3.741103,ALLOW
3008,3.366993,ALLOW
3009,3.030294,ALLOW
3010,2.727264,ALLOW
3011,2.454538,ALLOW
3012,2.209084,ALLOW
3013,1.988176,ALLOW
3014,1.789358,ALLOW
3015,1.610422,ALLOW
3016,1.449380,ALLOW
3017,6.911948,ALLOW
3018,6.220753,ALLOW
3019,5.598678,ALLOW
3020,5.038810,ALLOW
3021,4.534929,ALLOW
3022,4.081436,ALLOW
3023,3.673292,ALLOW
3024,3.305963,ALLOW
3025,2.975367,ALLOW
3026,2.677830,ALLOW
3027,2.410047,ALLOW
3028,2.169042,ALLOW
3029,1.952138,ALLOW
3030,1.756924,ALLOW
3031,13.448225,ALLOW
3032,12.103402,ALLOW
3033,10.893062,ALLOW
3034,9.803756,ALLOW
3035,8.823380,ALLOW
3036,7.941042,ALLOW
3037,7.146938,ALLOW
3038,6.432244,ALLOW
3039,5.789020,ALLOW
3040,5.210118,ALLOW
3041,4.689106,ALLOW
3042,4.220195,ALLOW
3043,3.798176,ALLOW
3044,3.418358,ALLOW
3045,3.076522,ALLOW
3046,2.768870,ALLOW
3047,2.491983,ALLOW
3048,2.242785,ALLOW
3049,2.018506,ALLOW
3050,1.816656,ALLOW
3051,1.634990,ALLOW
3052,1.471491,ALLOW
3053,1.324342,ALLOW
3054,1.191908,ALLOW
3055,145.356944,ALLOW
3056,130.821249,ALLOW
3057,117.739125,ALLOW
3058,105.965212,ALLOW
3059,95.368691,ALLOW
3060,85.831822,ALLOW
3061,77.248640,ALLOW
3062,69.523776,ALLOW
3063,62.571398,ALLOW
3064,56.314258,ALLOW
3065,50.682832,ALLOW
3066,45.614549,ALLOW
3067,41.053094,ALLOW
3068,36.947785,ALLOW
3069,33.253006,ALLOW
3070,29.927706,ALLOW
3071,26.934935,ALLOW
3072,24.241442,ALLOW
3073,21.817297,ALLOW
3074,19.635568,ALLOW
3075,17.672011,ALLOW
3076,15.904810,ALLOW
3077,14.314329,ALLOW
3078,12.882896,ALLOW
3079,11.594606,ALLOW
3080,10.435146,ALLOW
3081,9.391631,ALLOW
3082,8.452468,ALLOW
3083,7.607221,ALLOW
3084,6.846499,ALLOW
3085,6.161849,ALLOW
3086,5.545664,ALLOW
3087,4.991098,ALLOW
3088,4.491988,ALLOW
3089,356.600886,ALLOW
3090,320.940797,ALLOW
3091,288.846717,ALLOW
3092,259.962046,ALLOW
3093,233.965841,ALLOW
3094,210.569257,ALLOW
3095,189.512331,ALLOW
3096,170.561098,ALLOW
3097,153.504988,ALLOW
3098,138.154489,ALLOW
3099,124.339041,ALLOW
3100,111.905136,ALLOW
3101,103.628835,ALLOW
3102,93.265952,ALLOW
3103,83.939356,ALLOW
3104,75.545421,ALLOW
3105,67.990879,ALLOW
3106,61.191791,ALLOW
3107,55.072612,ALLOW
3108,49.565351,ALLOW
3109,44.608816,ALLOW
3110,40.147934,ALLOW
3111,36.133141,ALLOW
3112,32.519827,ALLOW
3113,29.267844,ALLOW
3114,26.341059,ALLOW
3115,23.706954,ALLOW
3116,21.336258,ALLOW
3117,19.202632,ALLOW
3118,17.282369,ALLOW
3119,15.554132,ALLOW
3120,13.998719,ALLOW
3121,12.598847,ALLOW
3122,11.338962,ALLOW
3123,10.205066,ALLOW
3124,9.184560,ALLOW
3125,8.266104,ALLOW
3126,7.439493,ALLOW
3127,6.695544,ALLOW
3128,6.025990,ALLOW
3129,5.423391,ALLOW
3130,4.881051,ALLOW
3131,4.392946,ALLOW
3132,3.953652,ALLOW
3133,3.558287,ALLOW
3134,3.202458,ALLOW
3135,2.882212,ALLOW
3136,2.593991,ALLOW
3137,2.334592,ALLOW
3138,2.101133,ALLOW
3139,1.891019,ALLOW
3140,1.701917,ALLOW
3141,1.531726,ALLOW
3142,1.378553,ALLOW
3143,1.240698,ALLOW
3144,1.116628,ALLOW
3145,1.004965,ALLOW
3146,0.904469,ALLOW
3147,0.814022,ALLOW
3148,0.732620,ALLOW
3149,0.659358,ALLOW
3150,0.593422,ALLOW
3151,0.534080,ALLOW
3152,0.480672,ALLOW
3153,0.432605,ALLOW
3154,0.389344,ALLOW
3155,0.350410,ALLOW
3156,0.315369,ALLOW
3157,0.283832,ALLOW
3158,0.255449,ALLOW
3159,0.229904,ALLOW
3160,0.206913,ALLOW
3161,1.709996,ALLOW
3162,1.538996,ALLOW
3163,1.385096,ALLOW
3164,1.246587,ALLOW
3165,1.121928,ALLOW
3166,1.009735,ALLOW
3167,0.908762,ALLOW
3168,0.817886,ALLOW
3169,0.736097,ALLOW
3170,0.662487,ALLOW
3171,0.596239,ALLOW
3172,0.536615,ALLOW
3173,0.482953,ALLOW
3174,0.434658,ALLOW
3175,0.391192,ALLOW
3176,0.352073,ALLOW
3177,16.404787,ALLOW
3178,14.764308,ALLOW
3179,13.287878,ALLOW
3180,11.959090,ALLOW
3181,10.763181,ALLOW
3182,9.686863,ALLOW
3183,14.707606,ALLOW
3184,13.236845,ALLOW
3185,11.913161,ALLOW
3186,10.721845,ALLOW
3187,9.649660,ALLOW
3188,8.684694,ALLOW
3189,11.420617,ALLOW
3190,10.278555,ALLOW
3191,9.250700,ALLOW
3192,8.325630,ALLOW
3193,7.493067,ALLOW
3194,6.743760,ALLOW
3195,6.069384,ALLOW
3196,5.462446,ALLOW
3197,7.879698,ALLOW
3198,7.091729,ALLOW
3199,6.382556,ALLOW
3200,5.744300,ALLOW
3201,5.169870,ALLOW
3202,4.652883,ALLOW
3203,4.187595,ALLOW
3204,3.768835,ALLOW
3205,3.391952,ALLOW
3206,3.052757,ALLOW
3207,2.747481,ALLOW
3208,2.472733,ALLOW
3209,6.368026,ALLOW
3210,5.731224,ALLOW
3211,5.158101,ALLOW
3212,4.642291,ALLOW
3213,4.178062,ALLOW
3214,3.760256,ALLOW
3215,3.384230,ALLOW
3216,3.045807,ALLOW
3217,2.741227,ALLOW
3218,2.467104,ALLOW
3219,2.220394,ALLOW
3220,1.998354,ALLOW
3221,1.798519,ALLOW
3222,1.618667,ALLOW
3223,1.456800,ALLOW
3224,1.311120,ALLOW
3225,1.180008,ALLOW
3226,1.062007,ALLOW
3227,12.353676,ALLOW
3228,11.118308,ALLOW
3229,10.006477,ALLOW
3230,9.005830,ALLOW
3231,8.105247,ALLOW
3232,7.294722,ALLOW
3233,6.565250,ALLOW
3234,5.908725,ALLOW
3235,5.317852,ALLOW
3236,4.786067,ALLOW
3237,4.307460,ALLOW
3238,3.876714,ALLOW
3239,3.489043,ALLOW
3240,3.140139,ALLOW
3241,2.826125,ALLOW
3242,2.543512,ALLOW
3243,2.289161,ALLOW
3244,2.060245,ALLOW
3245,1.854220,ALLOW
3246,1.668798,ALLOW
3247,1.501919,ALLOW
3248,1.351727,ALLOW
3249,1.216554,ALLOW
3250,1.094899,ALLOW
