seq,anomaly_score,decision
0,0.000000,ALLOW
1,0.000000,ALLOW
2,0.000000,ALLOW
3,0.000000,ALLOW
4,0.000000,ALLOW
5,0.000000,ALLOW
6,0.000000,ALLOW
7,0.000000,ALLOW
8,0.000000,ALLOW
9,0.000000,ALLOW
10,0.000000,ALLOW
11,0.000000,ALLOW
12,0.000000,ALLOW
13,0.000000,ALLOW
14,0.000000,ALLOW
15,0.000000,ALLOW
16,0.000000,ALLOW
17,0.000000,ALLOW
18,0.000000,ALLOW
19,0.000000,ALLOW
20,0.000000,ALLOW
21,0.000000,ALLOW
22,0.000000,ALLOW
23,0.000000,ALLOW
24,0.000000,ALLOW
25,0.000000,ALLOW
26,0.000000,ALLOW
27,0.000000,ALLOW
28,0.000000,ALLOW
29,0.000000,ALLOW
30,0.000000,ALLOW
31,0.000000,ALLOW
32,0.000000,ALLOW
33,0.000000,ALLOW
34,0.000000,ALLOW
35,0.000000,ALLOW
36,0.000000,ALLOW
37,0.000000,ALLOW
38,0.000000,ALLOW
39,0.000000,ALLOW
40,0.000000,ALLOW
41,0.000000,ALLOW
42,0.000000,ALLOW
43,0.000000,ALLOW
44,0.000000,ALLOW
45,0.000000,ALLOW
46,0.000000,ALLOW
47,0.000000,ALLOW
48,0.000000,ALLOW
49,0.000000,ALLOW
50,0.000000,ALLOW
51,0.000000,ALLOW
52,0.000000,ALLOW
53,0.000000,ALLOW
54,0.000000,ALLOW
55,0.000000,ALLOW
56,0.000000,ALLOW
57,0.000000,ALLOW
58,0.000000,ALLOW
59,0.000000,ALLOW
60,0.000000,ALLOW
61,0.000000,ALLOW
62,0.000000,ALLOW
63,0.000000,ALLOW
64,0.000000,ALLOW
65,1.879168,ALLOW
66,1.691252,ALLOW
67,1.522126,ALLOW
68,1.369914,ALLOW
69,1.232922,ALLOW
70,1.109630,ALLOW
71,0.998667,ALLOW
72,0.898800,ALLOW
73,0.808920,ALLOW
74,0.728028,ALLOW
75,0.655225,ALLOW
76,2.206330,ALLOW
77,1.985697,ALLOW
78,1.787127,ALLOW
79,1.608415,ALLOW
80,1.447573,ALLOW
81,2.894081,ALLOW
82,2.604673,ALLOW
83,2.344205,ALLOW
84,2.109785,ALLOW
85,3.610169,ALLOW
86,3.249152,ALLOW
87,2.924237,ALERT
88,2.631813,ALLOW
89,2.368632,ALLOW
90,2.131769,ALLOW
91,1.918592,ALLOW
92,3.544972,ALLOW
93,3.190475,ALLOW
94,2.871427,ALLOW
95,2.584284,ALLOW
96,2.325856,ALLOW
97,2.093270,ALLOW
98,1.883943,ALLOW
99,1.695549,ALLOW
100,1.525994,ALLOW
101,1.373395,ALLOW
102,1.236055,ALLOW
103,2.634483,ALLOW
104,2.371035,ALLOW
105,2.133932,ALLOW
106,1.920538,ALLOW
107,1.728485,ALLOW
108,1.555636,ALLOW
109,1.400073,ALLOW
110,3.552240,ALLOW
111,3.197016,ALLOW
112,2.877314,ALLOW
113,2.589583,ALLOW
114,2.330625,ALLOW
115,3.829143,ALLOW
116,3.446229,ALLOW
117,4.812194,ALLOW
118,4.330975,ALLOW
119,3.897877,ALLOW
120,3.508090,ALLOW
121,3.157281,ALLOW
122,2.841553,ALLOW
123,2.557397,ALLOW
124,2.301658,ALLOW
125,2.071492,ALLOW
126,1.864343,ALLOW
127,1.677908,ALLOW
128,1.510118,ALLOW
129,1.359106,ALLOW
130,1.223195,ALLOW
131,1.100876,ALLOW
132,0.990788,ALLOW
133,0.891709,ALLOW
134,0.802538,ALLOW
135,0.722285,ALLOW
136,0.650056,ALLOW
137,0.585050,ALLOW
138,0.526545,ALLOW
139,0.473891,ALLOW
140,0.426502,ALLOW
141,0.383852,ALLOW
142,0.345466,ALLOW
143,0.310920,ALLOW
144,0.279828,ALLOW
145,0.251845,ALLOW
146,0.226661,ALLOW
147,0.203994,ALLOW
148,0.183595,ALLOW
149,0.165236,ALLOW
150,0.148712,ALLOW
151,0.133841,ALLOW
152,0.120457,ALLOW
153,0.108411,ALLOW
154,0.097570,ALLOW
155,0.087813,ALLOW
156,0.079032,ALLOW
157,0.071128,ALLOW
158,0.064016,ALLOW
159,0.057614,ALLOW
160,0.051853,ALLOW
161,0.046667,ALLOW
162,0.042001,ALLOW
163,0.037801,ALLOW
164,0.034021,ALLOW
165,0.030618,ALLOW
166,0.027557,ALLOW
167,0.024801,ALLOW
168,2.209858,ALLOW
169,1.988872,ALLOW
170,1.789985,ALLOW
171,1.610987,ALLOW
172,3.575286,ALLOW
173,3.217757,ALLOW
174,4.402818,ALLOW
175,3.962536,ALLOW
176,3.566283,ALLOW
177,3.209654,ALLOW
178,2.888689,ALLOW
179,2.599820,ALLOW
180,2.339838,ALLOW
181,2.105854,ALLOW
182,1.895269,ALLOW
183,1.705742,ALLOW
184,1.535168,ALLOW
185,1.381651,ALLOW
186,1.243486,ALLOW
187,1.119137,ALLOW
188,1.007224,ALLOW
189,0.906501,ALLOW
190,0.815851,ALLOW
191,0.734266,ALLOW
192,0.660839,ALLOW
193,0.594755,ALLOW
194,0.535280,ALLOW
195,0.481752,ALLOW
196,0.433577,ALLOW
197,0.390219,ALLOW
198,0.351197,ALLOW
199,0.316077,ALLOW
200,0.284470,ALLOW
201,0.256023,ALLOW
202,0.230420,ALLOW
203,0.207378,ALLOW
204,0.186641,ALLOW
205,0.167976,ALLOW
206,0.151179,ALLOW
207,0.136061,ALLOW
208,0.122455,ALLOW
209,0.110209,ALLOW
210,0.099188,ALLOW
211,0.089270,ALLOW
212,0.080343,ALLOW
213,0.072308,ALLOW
214,0.065078,ALLOW
215,0.058570,ALLOW
216,0.052713,ALLOW
217,0.047442,ALLOW
218,0.042697,ALLOW
219,0.038428,ALLOW
220,0.034585,ALLOW
221,0.031126,ALLOW
222,0.028014,ALLOW
223,0.025212,ALLOW
224,0.022691,ALLOW
225,0.020422,ALLOW
226,0.018380,ALLOW
227,0.016542,ALLOW
228,0.014888,ALLOW
229,0.013399,ALLOW
230,0.012059,ALLOW
231,0.010853,ALLOW
232,0.009768,ALLOW
233,0.008791,ALLOW
234,0.007912,ALLOW
235,0.007121,ALLOW
236,0.006409,ALLOW
237,0.005768,ALLOW
238,0.005191,ALLOW
239,0.004672,ALLOW
240,0.004205,ALLOW
241,0.003784,ALLOW
242,0.003406,ALLOW
243,0.003065,ALLOW
244,0.002759,ALLOW
245,0.002483,ALLOW
246,0.002235,ALLOW
247,0.002011,ALLOW
248,0.001810,ALLOW
249,0.001629,ALLOW
250,0.001466,ALLOW
251,0.001319,ALLOW
252,0.001188,ALLOW
253,0.001069,ALLOW
254,0.000962,ALLOW
255,0.000866,ALLOW
256,0.000779,ALLOW
257,0.000701,ALLOW
258,0.000631,ALLOW
259,0.000568,ALLOW
260,0.000511,ALLOW
261,0.000460,ALLOW
262,0.000414,ALLOW
263,0.000373,ALLOW
264,0.000335,ALLOW
265,0.000302,ALLOW
266,0.000272,ALLOW
267,0.000245,ALLOW
268,0.000220,ALLOW
269,0.000198,ALLOW
270,0.000178,ALLOW
271,0.000160,ALLOW
272,0.000144,ALLOW
273,0.000130,ALLOW
274,0.000117,ALLOW
275,0.000105,ALLOW
276,0.000095,ALLOW
277,0.000085,ALLOW
278,0.000077,ALLOW
279,0.000069,ALLOW
280,0.000062,ALLOW
281,0.000056,ALLOW
282,0.000050,ALLOW
283,0.000045,ALLOW
284,0.000041,ALLOW
285,0.000037,ALLOW
286,0.000033,ALLOW
287,0.000030,ALLOW
288,0.000027,ALLOW
289,0.000024,ALLOW
290,0.000022,ALLOW
291,0.000020,ALLOW
292,0.000018,ALLOW
293,0.000016,ALLOW
294,0.000014,ALLOW
295,0.000013,ALLOW
296,0.000012,ALLOW
297,0.000010,ALLOW
298,0.000009,ALLOW
299,0.000008,ALLOW
300,0.000008,ALLOW
301,0.000007,ALLOW
302,0.000006,ALLOW
303,0.000006,ALLOW
304,0.000005,ALLOW
305,0.000004,ALLOW
306,0.000004,ALLOW
307,0.000004,ALLOW
308,0.000003,ALLOW
309,0.000003,ALLOW
310,0.000003,ALLOW
311,0.000002,ALLOW
312,0.000002,ALLOW
313,0.000002,ALLOW
314,0.000002,ALLOW
315,0.000002,ALLOW
316,0.000001,ALLOW
317,0.000001,ALLOW
318,0.000001,ALLOW
319,0.000001,ALLOW
320,0.000001,ALLOW
321,0.000001,ALLOW
322,0.000001,ALLOW
323,0.000001,ALLOW
324,0.000001,ALLOW
325,0.000001,ALLOW
326,0.000000,ALLOW
327,0.000000,ALLOW
328,0.000000,ALLOW
329,0.000000,ALLOW
330,0.000000,ALLOW
331,0.000000,ALLOW
332,0.000000,ALLOW
333,0.000000,ALLOW
334,0.000000,ALLOW
335,0.000000,ALLOW
336,0.000000,ALLOW
337,0.000000,ALLOW
338,0.000000,ALLOW
339,0.000000,ALLOW
340,0.000000,ALLOW
341,0.000000,ALLOW
342,0.000000,ALLOW
343,0.000000,ALLOW
344,0.000000,ALLOW
345,0.000000,ALLOW
346,0.000000,ALLOW
347,0.000000,ALLOW
348,0.000000,ALLOW
349,0.000000,ALLOW
350,0.000000,ALLOW
351,0.000000,ALLOW
352,0.000000,ALLOW
353,0.000000,ALLOW
354,0.000000,ALLOW
355,0.000000,ALLOW
356,0.000000,ALLOW
357,0.000000,ALLOW
358,0.000000,ALLOW
359,0.000000,ALLOW
360,0.000000,ALLOW
361,0.000000,ALLOW
362,0.000000,ALLOW
363,0.000000,ALLOW
364,0.000000,ALLOW
365,0.000000,ALLOW
366,0.000000,ALLOW
367,0.000000,ALLOW
368,0.000000,ALLOW
369,0.000000,ALLOW
370,0.000000,ALLOW
371,0.000000,ALLOW
372,0.000000,ALLOW
373,0.000000,ALLOW
374,0.000000,ALLOW
375,0.000000,ALLOW
376,0.000000,ALLOW
377,0.000000,ALLOW
378,0.000000,ALLOW
379,0.000000,ALLOW
380,0.000000,ALLOW
381,0.000000,ALLOW
382,0.000000,ALLOW
383,0.000000,ALLOW
384,0.000000,ALLOW
385,0.000000,ALLOW
386,0.000000,ALLOW
387,0.000000,ALLOW
388,0.000000,ALLOW
389,0.000000,ALLOW
390,0.000000,ALLOW
391,0.000000,ALLOW
392,0.000000,ALLOW
393,0.000000,ALLOW
394,0.000000,ALLOW
395,0.000000,ALLOW
396,0.000000,ALLOW
397,0.000000,ALLOW
398,0.000000,ALLOW
399,0.000000,ALLOW
400,0.000000,ALLOW
401,0.000000,ALLOW
402,0.000000,ALLOW
403,0.000000,ALLOW
404,0.000000,ALLOW
405,0.000000,ALLOW
406,0.000000,ALLOW
407,0.000000,ALLOW
408,0.000000,ALLOW
409,0.000000,ALLOW
410,0.000000,ALLOW
411,0.000000,ALLOW
412,0.000000,ALLOW
413,0.000000,ALLOW
414,0.000000,ALLOW
415,0.000000,ALLOW
416,0.000000,ALLOW
417,0.000000,ALLOW
418,0.000000,ALLOW
419,0.000000,ALLOW
420,0.000000,ALLOW
421,0.000000,ALLOW
422,0.000000,ALLOW
423,0.000000,ALLOW
424,0.000000,ALLOW
425,0.000000,ALLOW
426,0.000000,ALLOW
427,0.000000,ALLOW
428,0.000000,ALLOW
429,0.000000,ALLOW
430,0.000000,ALLOW
431,0.000000,ALLOW
432,0.000000,ALLOW
433,0.000000,ALLOW
434,0.000000,ALLOW
435,0.000000,ALLOW
436,0.000000,ALLOW
437,0.000000,ALLOW
438,0.000000,ALLOW
439,0.000000,ALLOW
440,0.000000,ALLOW
441,0.000000,ALLOW
442,0.000000,ALLOW
443,0.000000,ALLOW
444,0.000000,ALLOW
445,0.000000,ALLOW
446,0.000000,ALLOW
447,0.000000,ALLOW
448,0.000000,ALLOW
449,0.000000,ALLOW
450,0.000000,ALLOW
451,0.000000,ALLOW
452,0.000000,ALLOW
453,0.000000,ALLOW
454,0.000000,ALLOW
455,0.000000,ALLOW
456,0.000000,ALLOW
457,0.000000,ALLOW
458,0.000000,ALLOW
459,0.000000,ALLOW
460,0.000000,ALLOW
461,0.000000,ALLOW
462,0.000000,ALLOW
463,0.000000,ALLOW
464,0.000000,ALLOW
465,0.000000,ALLOW
466,0.000000,ALLOW
467,0.000000,ALLOW
468,0.000000,ALLOW
469,0.000000,ALLOW
470,0.000000,ALLOW
471,0.000000,ALLOW
472,0.000000,ALLOW
473,0.000000,ALLOW
474,0.000000,ALLOW
475,0.000000,ALLOW
476,0.000000,ALLOW
477,0.000000,ALLOW
478,0.000000,ALLOW
479,0.000000,ALLOW
480,0.000000,ALLOW
481,0.000000,ALLOW
482,0.000000,ALLOW
483,0.000000,ALLOW
484,0.000000,ALLOW
485,0.000000,ALLOW
486,0.000000,ALLOW
487,0.000000,ALLOW
488,0.000000,ALLOW
489,0.000000,ALLOW
490,0.000000,ALLOW
491,0.000000,ALLOW
492,0.000000,ALLOW
493,0.000000,ALLOW
494,0.000000,ALLOW
495,0.000000,ALLOW
496,0.000000,ALLOW
497,0.000000,ALLOW
498,0.000000,ALLOW
499,0.000000,ALLOW
500,0.000000,ALLOW
501,0.000000,ALLOW
502,0.000000,ALLOW
503,0.000000,ALLOW
504,0.000000,ALLOW
505,0.000000,ALLOW
506,0.000000,ALLOW
507,0.000000,ALLOW
508,0.000000,ALLOW
509,0.000000,ALLOW
510,0.000000,ALLOW
511,0.000000,ALLOW
512,0.000000,ALLOW
513,0.000000,ALLOW
514,0.000000,ALLOW
515,0.000000,ALLOW
516,0.000000,ALLOW
517,0.000000,ALLOW
518,0.000000,ALLOW
519,0.000000,ALLOW
520,0.000000,ALLOW
521,0.000000,ALLOW
522,0.000000,ALLOW
523,0.000000,ALLOW
524,0.000000,ALLOW
525,0.000000,ALLOW
526,0.000000,ALLOW
527,0.000000,ALLOW
528,0.000000,ALLOW
529,0.000000,ALLOW
530,0.000000,ALLOW
531,0.000000,ALLOW
532,0.000000,ALLOW
533,0.000000,ALLOW
534,0.000000,ALLOW
535,0.000000,ALLOW
536,0.000000,ALLOW
537,0.000000,ALLOW
538,0.000000,ALLOW
539,0.000000,ALLOW
540,0.000000,ALLOW
541,0.000000,ALLOW
542,0.000000,ALLOW
543,0.000000,ALLOW
544,0.000000,ALLOW
545,0.000000,ALLOW
546,0.000000,ALLOW
547,0.000000,ALLOW
548,0.000000,ALLOW
549,0.000000,ALLOW
550,0.000000,ALLOW
551,0.000000,ALLOW
552,0.000000,ALLOW
553,0.000000,ALLOW
554,0.000000,ALLOW
555,0.000000,ALLOW
556,0.000000,ALLOW
557,0.000000,ALLOW
558,0.000000,ALLOW
559,0.000000,ALLOW
560,0.000000,ALLOW
561,0.000000,ALLOW
562,0.000000,ALLOW
563,0.000000,ALLOW
564,0.000000,ALLOW
565,0.000000,ALLOW
566,0.000000,ALLOW
567,0.000000,ALLOW
568,0.000000,ALLOW
569,0.000000,ALLOW
570,0.000000,ALLOW
571,0.000000,ALLOW
572,0.000000,ALLOW
573,0.000000,ALLOW
574,0.000000,ALLOW
575,0.000000,ALLOW
576,0.000000,ALLOW
577,0.000000,ALLOW
578,0.000000,ALLOW
579,0.000000,ALLOW
580,0.000000,ALLOW
581,0.000000,ALLOW
582,0.000000,ALLOW
583,0.000000,ALLOW
584,0.000000,ALLOW
585,0.000000,ALLOW
586,0.000000,ALLOW
587,0.000000,ALLOW
588,0.000000,ALLOW
589,0.000000,ALLOW
590,0.000000,ALLOW
591,0.000000,ALLOW
592,0.000000,ALLOW
593,0.000000,ALLOW
594,0.000000,ALLOW
595,0.000000,ALLOW
596,0.000000,ALLOW
597,0.000000,ALLOW
598,0.000000,ALLOW
599,0.000000,ALLOW
600,0.000000,ALLOW
601,0.000000,ALLOW
602,0.000000,ALLOW
603,0.000000,ALLOW
604,0.000000,ALLOW
605,0.000000,ALLOW
606,0.000000,ALLOW
607,0.000000,ALLOW
