seq,decision
0,ALLOW
1,ALLOW
2,ALLOW
3,ALLOW
4,BLOCK
5,ALLOW
6,ALLOW
7,ALLOW
8,ALLOW
9,ALLOW
10,ALLOW
11,ALLOW
12,ALLOW
13,ALLOW
14,ALLOW
15,ALLOW
16,ALLOW
17,ALLOW
18,BLOCK
19,BLOCK
20,BLOCK
21,ALLOW
22,ALLOW
23,ALLOW
24,ALLOW
25,ALLOW
26,BLOCK
27,ALLOW
28,ALLOW
29,ALLOW
30,ALLOW
31,BLOCK
32,ALLOW
33,ALLOW
34,ALLOW
35,ALLOW
36,ALLOW
37,ALLOW
38,ALLOW
39,ALLOW
40,ALLOW
41,ALLOW
42,ALLOW
43,ALLOW
44,ALLOW
45,ALLOW
46,ALLOW
47,BLOCK
48,ALLOW
49,ALLOW
50,ALLOW
51,ALLOW
52,ALLOW
53,ALLOW
54,ALLOW
55,ALLOW
56,ALLOW
57,ALLOW
58,BLOCK
59,BLOCK
60,BLOCK
61,ALLOW
62,ALLOW
63,BLOCK
64,ALLOW
65,ALLOW
66,ALLOW
67,BLOCK
68,ALLOW
69,ALLOW
70,BLOCK
71,BLOCK
72,BLOCK
73,ALLOW
74,ALLOW
75,BLOCK
76,BLOCK
77,ALLOW
78,ALLOW
79,ALLOW
80,BLOCK
81,ALLOW
82,BLOCK
83,ALLOW
84,ALLOW
85,ALLOW
86,ALLOW
87,ALLOW
88,ALLOW
89,ALLOW
90,ALLOW
91,ALLOW
92,BLOCK
93,ALLOW
94,ALLOW
95,ALLOW
96,BLOCK
97,ALLOW
98,ALLOW
99,BLOCK
100,ALLOW
101,ALLOW
102,BLOCK
103,ALLOW
104,ALLOW
105,ALLOW
106,ALLOW
107,ALLOW
108,ALLOW
109,ALLOW
110,ALLOW
111,ALLOW
112,ALLOW
113,ALLOW
114,ALLOW
115,ALLOW
116,ALLOW
117,ALLOW
118,BLOCK
119,ALLOW
120,BLOCK
121,BLOCK
122,ALLOW
123,ALLOW
124,ALLOW
125,ALLOW
126,ALLOW
127,ALLOW
128,BLOCK
129,BLOCK
130,ALLOW
131,BLOCK
132,ALLOW
133,BLOCK
134,ALLOW
135,ALLOW
136,ALLOW
137,ALLOW
138,BLOCK
139,ALLOW
140,ALLOW
141,BLOCK
142,BLOCK
143,ALLOW
144,BLOCK
145,ALLOW
146,ALLOW
147,BLOCK
148,BLOCK
149,ALLOW
150,BLOCK
151,ALLOW
152,ALLOW
153,ALLOW
154,ALLOW
155,ALLOW
156,ALLOW
157,BLOCK
158,ALLOW
159,BLOCK
160,ALLOW
161,BLOCK
162,ALLOW
163,BLOCK
164,ALLOW
165,ALLOW
166,ALLOW
167,ALLOW
168,ALLOW
169,ALLOW
170,BLOCK
171,BLOCK
172,BLOCK
173,BLOCK
174,BLOCK
175,ALLOW
176,ALLOW
177,BLOCK
178,BLOCK
179,ALLOW
180,BLOCK
181,BLOCK
182,ALLOW
183,ALLOW
184,ALLOW
185,ALLOW
186,ALLOW
187,BLOCK
188,ALLOW
189,ALLOW
190,BLOCK
191,BLOCK
192,ALLOW
193,ALLOW
194,ALLOW
195,ALLOW
196,ALLOW
197,ALLOW
198,BLOCK
199,BLOCK
200,ALLOW
201,ALLOW
202,BLOCK
203,ALLOW
204,ALLOW
205,ALLOW
206,BLOCK
207,ALLOW
208,BLOCK
209,ALLOW
210,ALLOW
211,BLOCK
212,ALLOW
213,ALLOW
214,ALLOW
215,ALLOW
216,ALLOW
217,ALLOW
218,ALLOW
219,ALLOW
220,BLOCK
221,BLOCK
222,BLOCK
223,ALLOW
224,ALLOW
225,ALLOW
226,ALLOW
227,BLOCK
228,ALLOW
229,ALLOW
230,BLOCK
231,ALLOW
232,BLOCK
233,ALLOW
234,ALLOW
235,ALLOW
236,ALLOW
237,ALLOW
238,ALLOW
239,ALLOW
240,BLOCK
241,ALLOW
242,BLOCK
243,ALLOW
244,ALLOW
245,ALLOW
246,BLOCK
247,ALLOW
248,BLOCK
249,ALLOW
250,BLOCK
251,ALLOW
252,ALLOW
253,ALLOW
254,BLOCK
255,BLOCK
256,ALLOW
257,BLOCK
258,ALLOW
259,ALLOW
260,BLOCK
261,ALLOW
262,ALLOW
263,ALLOW
264,ALLOW
265,BLOCK
266,BLOCK
267,ALLOW
268,ALLOW
269,BLOCK
270,ALLOW
271,ALLOW
272,BLOCK
273,BLOCK
274,ALLOW
275,ALLOW
276,ALLOW
277,ALLOW
278,ALLOW
279,BLOCK
280,BLOCK
281,ALLOW
282,BLOCK
283,ALLOW
284,ALLOW
285,ALLOW
286,ALLOW
287,ALLOW
288,ALLOW
289,BLOCK
290,BLOCK
291,ALLOW
292,ALLOW
293,BLOCK
294,ALLOW
295,ALLOW
296,BLOCK
297,ALLOW
298,ALLOW
299,ALLOW
300,BLOCK
301,BLOCK
302,ALLOW
303,ALLOW
304,BLOCK
305,ALLOW
306,ALLOW
307,ALLOW
308,ALLOW
309,ALLOW
310,ALLOW
311,ALLOW
312,ALLOW
313,ALLOW
314,ALLOW
315,ALLOW
316,ALLOW
317,ALLOW
318,ALLOW
319,ALLOW
320,ALLOW
321,ALLOW
322,ALLOW
323,BLOCK
324,BLOCK
325,ALLOW
326,ALLOW
327,BLOCK
328,ALLOW
329,ALLOW
330,ALLOW
331,ALLOW
332,ALLOW
333,ALLOW
334,ALLOW
335,ALLOW
336,ALLOW
337,ALLOW
338,BLOCK
339,ALLOW
340,ALLOW
341,BLOCK
342,ALLOW
343,ALLOW
344,BLOCK
345,ALLOW
346,ALLOW
347,ALLOW
348,ALLOW
349,ALLOW
350,ALLOW
351,ALLOW
352,BLOCK
353,ALLOW
354,BLOCK
355,ALLOW
356,ALLOW
357,BLOCK
358,ALLOW
359,ALLOW
360,BLOCK
361,ALLOW
362,BLOCK
363,BLOCK
364,ALLOW
365,ALLOW
366,BLOCK
367,ALLOW
368,ALLOW
369,ALLOW
370,ALLOW
371,BLOCK
372,ALLOW
373,ALLOW
374,ALLOW
375,ALLOW
376,BLOCK
377,ALLOW
378,BLOCK
379,ALLOW
380,ALLOW
381,ALLOW
382,ALLOW
383,ALLOW
384,ALLOW
385,BLOCK
386,ALLOW
387,BLOCK
388,ALLOW
389,ALLOW
390,ALLOW
391,BLOCK
392,ALLOW
393,BLOCK
394,ALLOW
395,ALLOW
396,BLOCK
397,ALLOW
398,ALLOW
399,BLOCK
400,BLOCK
401,ALLOW
402,BLOCK
403,ALLOW
404,BLOCK
405,ALLOW
406,ALLOW
407,ALLOW
408,BLOCK
409,ALLOW
410,ALLOW
411,ALLOW
412,ALLOW
413,ALLOW
414,ALLOW
415,BLOCK
416,ALLOW
417,BLOCK
418,BLOCK
419,ALLOW
420,ALLOW
421,ALLOW
422,ALLOW
423,ALLOW
424,ALLOW
425,ALLOW
426,ALLOW
427,ALLOW
428,ALLOW
429,ALLOW
430,ALLOW
431,ALLOW
432,ALLOW
433,BLOCK
434,ALLOW
435,ALLOW
436,ALLOW
437,ALLOW
438,ALLOW
439,ALLOW
440,ALLOW
441,ALLOW
442,ALLOW
443,ALLOW
444,BLOCK
445,ALLOW
446,ALLOW
447,ALLOW
448,ALLOW
449,ALLOW
450,ALLOW
451,BLOCK
452,ALLOW
453,ALLOW
454,BLOCK
455,BLOCK
456,ALLOW
457,ALLOW
458,BLOCK
459,BLOCK
460,ALLOW
461,ALLOW
462,ALLOW
463,ALLOW
464,ALLOW
465,ALLOW
466,ALLOW
467,ALLOW
468,ALLOW
469,BLOCK
470,ALLOW
471,ALLOW
472,ALLOW
473,ALLOW
474,BLOCK
475,BLOCK
476,BLOCK
477,ALLOW
478,ALLOW
479,ALLOW
480,BLOCK
481,ALLOW
482,ALLOW
483,ALLOW
484,BLOCK
485,ALLOW
486,ALLOW
487,ALLOW
488,ALLOW
489,ALLOW
490,ALLOW
491,BLOCK
492,ALLOW
493,BLOCK
494,ALLOW
495,ALLOW
496,BLOCK
497,ALLOW
498,ALLOW
499,ALLOW
500,BLOCK
501,ALLOW
502,BLOCK
503,ALLOW
504,BLOCK
505,BLOCK
506,ALLOW
507,ALLOW
508,BLOCK
509,ALLOW
510,ALLOW
511,ALLOW
512,BLOCK
513,ALLOW
514,ALLOW
515,ALLOW
516,ALLOW
517,BLOCK
518,ALLOW
519,BLOCK
520,BLOCK
521,ALLOW
522,BLOCK
523,ALLOW
524,ALLOW
525,ALLOW
526,ALLOW
527,ALLOW
528,ALLOW
529,ALLOW
530,BLOCK
531,ALLOW
532,BLOCK
533,BLOCK
534,ALLOW
535,ALLOW
536,ALLOW
537,ALLOW
538,ALLOW
539,ALLOW
540,ALLOW
541,ALLOW
542,ALLOW
543,ALLOW
544,ALLOW
545,ALLOW
546,ALLOW
547,BLOCK
548,ALLOW
549,ALLOW
550,ALLOW
551,ALLOW
552,ALLOW
553,ALLOW
554,ALLOW
555,ALLOW
556,ALLOW
557,BLOCK
558,BLOCK
559,BLOCK
560,BLOCK
561,ALLOW
562,ALLOW
563,ALLOW
564,ALLOW
565,ALLOW
566,ALLOW
567,ALLOW
568,ALLOW
569,BLOCK
570,BLOCK
571,BLOCK
572,ALLOW
573,ALLOW
574,ALLOW
575,ALLOW
576,ALLOW
577,BLOCK
578,ALLOW
579,BLOCK
580,ALLOW
581,ALLOW
582,ALLOW
583,ALLOW
584,ALLOW
585,BLOCK
586,ALLOW
587,BLOCK
588,ALLOW
589,BLOCK
590,BLOCK
591,ALLOW
592,ALLOW
593,ALLOW
594,ALLOW
595,ALLOW
596,ALLOW
597,BLOCK
598,ALLOW
599,ALLOW
600,ALLOW
601,BLOCK
602,ALLOW
603,BLOCK
604,ALLOW
605,ALLOW
606,BLOCK
607,BLOCK
608,BLOCK
609,ALLOW
610,BLOCK
611,ALLOW
612,ALLOW
613,ALLOW
614,BLOCK
615,ALLOW
616,BLOCK
617,ALLOW
618,ALLOW
619,BLOCK
620,ALLOW
621,ALLOW
622,ALLOW
623,ALLOW
624,ALLOW
625,BLOCK
626,ALLOW
627,BLOCK
628,ALLOW
629,ALLOW
630,BLOCK
631,ALLOW
632,ALLOW
633,ALLOW
634,ALLOW
635,ALLOW
636,BLOCK
637,ALLOW
638,ALLOW
639,ALLOW
640,ALLOW
641,ALLOW
642,ALLOW
643,BLOCK
644,BLOCK
645,BLOCK
646,BLOCK
647,BLOCK
648,ALLOW
649,BLOCK
650,ALLOW
651,BLOCK
652,ALLOW
653,BLOCK
654,ALLOW
655,ALLOW
656,BLOCK
657,ALLOW
658,BLOCK
659,BLOCK
660,ALLOW
661,ALLOW
662,ALLOW
663,BLOCK
664,ALLOW
665,ALLOW
666,BLOCK
667,BLOCK
668,ALLOW
669,ALLOW
670,ALLOW
671,ALLOW
672,ALLOW
673,ALLOW
674,BLOCK
675,ALLOW
676,ALLOW
677,ALLOW
678,ALLOW
679,ALLOW
680,BLOCK
681,ALLOW
682,ALLOW
683,ALLOW
684,ALLOW
685,ALLOW
686,ALLOW
687,ALLOW
688,ALLOW
689,ALLOW
690,ALLOW
691,ALLOW
692,ALLOW
693,ALLOW
694,ALLOW
695,ALLOW
696,ALLOW
697,ALLOW
698,ALLOW
699,ALLOW
700,ALLOW
701,BLOCK
702,ALLOW
703,BLOCK
704,ALLOW
705,BLOCK
706,ALLOW
707,ALLOW
708,BLOCK
709,ALLOW
710,ALLOW
711,ALLOW
712,ALLOW
713,ALLOW
714,ALLOW
715,ALLOW
716,ALLOW
717,BLOCK
718,ALLOW
719,ALLOW
720,ALLOW
721,ALLOW
722,ALLOW
723,ALLOW
724,ALLOW
725,BLOCK
726,ALLOW
727,ALLOW
728,ALLOW
729,BLOCK
730,ALLOW
731,ALLOW
732,BLOCK
733,ALLOW
734,ALLOW
735,ALLOW
736,ALLOW
737,ALLOW
738,ALLOW
739,ALLOW
740,ALLOW
741,ALLOW
742,ALLOW
743,BLOCK
744,ALLOW
745,ALLOW
746,ALLOW
747,ALLOW
748,ALLOW
749,ALLOW
750,ALLOW
751,ALLOW
752,ALLOW
753,ALLOW
754,ALLOW
755,ALLOW
756,ALLOW
757,ALLOW
758,BLOCK
759,BLOCK
760,ALLOW
761,ALLOW
762,ALLOW
763,ALLOW
764,ALLOW
765,ALLOW
766,ALLOW
767,ALLOW
768,BLOCK
769,ALLOW
770,ALLOW
771,ALLOW
772,ALLOW
773,ALLOW
774,BLOCK
775,ALLOW
776,BLOCK
777,ALLOW
778,ALLOW
779,ALLOW
780,BLOCK
781,ALLOW
782,BLOCK
783,ALLOW
784,BLOCK
785,BLOCK
786,ALLOW
787,ALLOW
788,BLOCK
789,ALLOW
790,BLOCK
791,ALLOW
792,ALLOW
793,ALLOW
794,BLOCK
795,ALLOW
796,BLOCK
797,ALLOW
798,ALLOW
799,BLOCK
800,ALLOW
801,ALLOW
802,ALLOW
803,BLOCK
804,ALLOW
805,ALLOW
806,ALLOW
807,ALLOW
808,ALLOW
809,BLOCK
810,ALLOW
811,ALLOW
812,ALLOW
813,ALLOW
814,ALLOW
815,ALLOW
816,ALLOW
817,BLOCK
818,ALLOW
819,ALLOW
820,BLOCK
821,ALLOW
822,ALLOW
823,ALLOW
824,ALLOW
825,ALLOW
826,ALLOW
827,ALLOW
828,ALLOW
829,ALLOW
830,ALLOW
831,BLOCK
832,ALLOW
833,BLOCK
834,BLOCK
835,ALLOW
836,ALLOW
837,ALLOW
838,ALLOW
839,BLOCK
840,BLOCK
841,ALLOW
842,BLOCK
843,ALLOW
844,ALLOW
845,BLOCK
846,ALLOW
847,ALLOW
848,ALLOW
849,ALLOW
850,ALLOW
851,BLOCK
852,ALLOW
853,BLOCK
854,ALLOW
855,ALLOW
856,ALLOW
857,ALLOW
858,ALLOW
859,BLOCK
860,ALLOW
861,ALLOW
862,BLOCK
863,BLOCK
864,ALLOW
865,ALLOW
866,ALLOW
867,ALLOW
868,ALLOW
869,ALLOW
870,BLOCK
871,ALLOW
872,ALLOW
873,ALLOW
874,ALLOW
875,ALLOW
876,ALLOW
877,ALLOW
878,ALLOW
879,ALLOW
880,BLOCK
881,ALLOW
882,BLOCK
883,ALLOW
884,ALLOW
885,ALLOW
886,ALLOW
887,ALLOW
888,ALLOW
889,ALLOW
890,ALLOW
891,ALLOW
892,ALLOW
893,ALLOW
894,ALLOW
895,ALLOW
896,ALLOW
897,BLOCK
898,ALLOW
899,ALLOW
900,ALLOW
901,ALLOW
902,ALLOW
903,ALLOW
904,ALLOW
905,ALLOW
906,ALLOW
907,ALLOW
908,ALLOW
909,ALLOW
910,ALLOW
911,ALLOW
912,ALLOW
913,ALLOW
914,ALLOW
915,ALLOW
916,ALLOW
917,BLOCK
918,ALLOW
919,ALLOW
920,ALLOW
921,ALLOW
922,ALLOW
923,BLOCK
924,ALLOW
925,ALLOW
926,ALLOW
927,ALLOW
928,BLOCK
929,ALLOW
930,ALLOW
931,ALLOW
932,ALLOW
933,ALLOW
934,ALLOW
935,BLOCK
936,ALLOW
937,ALLOW
938,ALLOW
939,ALLOW
940,ALLOW
941,BLOCK
942,ALLOW
943,ALLOW
944,ALLOW
945,ALLOW
946,BLOCK
947,BLOCK
948,ALLOW
949,BLOCK
950,BLOCK
951,ALLOW
952,ALLOW
953,ALLOW
954,ALLOW
955,ALLOW
956,ALLOW
957,ALLOW
958,ALLOW
959,BLOCK
960,BLOCK
961,ALLOW
962,ALLOW
963,BLOCK
964,ALLOW
965,ALLOW
966,ALLOW
967,BLOCK
968,BLOCK
969,ALLOW
970,ALLOW
971,BLOCK
972,ALLOW
973,ALLOW
974,ALLOW
975,ALLOW
976,ALLOW
977,ALLOW
978,ALLOW
979,ALLOW
980,ALLOW
981,ALLOW
982,BLOCK
983,ALLOW
984,ALLOW
985,ALLOW
986,ALLOW
987,ALLOW
988,ALLOW
989,BLOCK
990,ALLOW
991,ALLOW
992,ALLOW
993,ALLOW
994,ALLOW
995,ALLOW
996,ALLOW
997,ALLOW
998,BLOCK
999,ALLOW
1000,ALLOW
1001,BLOCK
1002,ALLOW
1003,ALLOW
1004,BLOCK
1005,ALLOW
1006,ALLOW
1007,ALLOW
1008,ALLOW
1009,ALLOW
1010,ALLOW
1011,ALLOW
1012,ALLOW
1013,ALLOW
1014,ALLOW
1015,BLOCK
1016,ALLOW
1017,ALLOW
1018,ALLOW
1019,ALLOW
1020,BLOCK
1021,BLOCK
1022,ALLOW
1023,ALLOW
1024,BLOCK
1025,BLOCK
1026,ALLOW
1027,ALLOW
1028,ALLOW
1029,ALLOW
1030,ALLOW
1031,ALLOW
1032,ALLOW
1033,BLOCK
1034,ALLOW
1035,BLOCK
1036,ALLOW
1037,ALLOW
1038,BLOCK
1039,ALLOW
1040,ALLOW
1041,ALLOW
1042,BLOCK
1043,ALLOW
1044,ALLOW
1045,ALLOW
1046,BLOCK
1047,BLOCK
1048,ALLOW
1049,ALLOW
1050,ALLOW
1051,ALLOW
1052,ALLOW
1053,ALLOW
1054,ALLOW
1055,ALLOW
1056,BLOCK
1057,ALLOW
1058,ALLOW
1059,BLOCK
1060,ALLOW
1061,ALLOW
1062,ALLOW
1063,BLOCK
1064,ALLOW
1065,ALLOW
1066,ALLOW
1067,ALLOW
1068,ALLOW
1069,BLOCK
1070,ALLOW
1071,ALLOW
1072,ALLOW
1073,ALLOW
1074,BLOCK
1075,BLOCK
1076,BLOCK
1077,ALLOW
1078,ALLOW
1079,BLOCK
1080,ALLOW
1081,ALLOW
1082,ALLOW
1083,ALLOW
1084,BLOCK
1085,ALLOW
1086,ALLOW
1087,ALLOW
1088,ALLOW
1089,ALLOW
1090,ALLOW
1091,BLOCK
1092,ALLOW
1093,ALLOW
1094,ALLOW
1095,ALLOW
1096,ALLOW
1097,ALLOW
1098,BLOCK
1099,ALLOW
1100,ALLOW
1101,BLOCK
1102,BLOCK
1103,ALLOW
1104,BLOCK
1105,ALLOW
1106,ALLOW
1107,ALLOW
1108,ALLOW
1109,ALLOW
1110,BLOCK
1111,BLOCK
1112,ALLOW
1113,ALLOW
1114,ALLOW
1115,BLOCK
1116,ALLOW
1117,ALLOW
1118,ALLOW
1119,ALLOW
1120,BLOCK
1121,ALLOW
1122,ALLOW
1123,BLOCK
1124,ALLOW
1125,BLOCK
1126,BLOCK
1127,ALLOW
1128,ALLOW
1129,ALLOW
1130,ALLOW
1131,ALLOW
1132,ALLOW
1133,ALLOW
1134,BLOCK
1135,ALLOW
1136,ALLOW
1137,BLOCK
1138,BLOCK
1139,ALLOW
1140,ALLOW
1141,ALLOW
1142,ALLOW
1143,BLOCK
1144,BLOCK
1145,ALLOW
1146,ALLOW
1147,ALLOW
1148,ALLOW
1149,ALLOW
1150,ALLOW
1151,BLOCK
1152,ALLOW
1153,BLOCK
1154,ALLOW
1155,BLOCK
1156,ALLOW
1157,ALLOW
1158,ALLOW
1159,ALLOW
1160,ALLOW
1161,ALLOW
1162,BLOCK
1163,ALLOW
1164,ALLOW
1165,BLOCK
1166,ALLOW
1167,ALLOW
1168,ALLOW
1169,ALLOW
1170,ALLOW
1171,ALLOW
1172,ALLOW
1173,ALLOW
1174,ALLOW
1175,ALLOW
1176,ALLOW
1177,ALLOW
1178,BLOCK
1179,BLOCK
1180,ALLOW
1181,ALLOW
1182,ALLOW
1183,ALLOW
1184,ALLOW
1185,ALLOW
1186,BLOCK
1187,ALLOW
1188,ALLOW
1189,BLOCK
1190,ALLOW
1191,ALLOW
1192,ALLOW
1193,ALLOW
1194,ALLOW
1195,BLOCK
1196,ALLOW
1197,BLOCK
1198,ALLOW
1199,ALLOW
1200,ALLOW
1201,ALLOW
1202,ALLOW
1203,ALLOW
1204,ALLOW
1205,ALLOW
1206,ALLOW
1207,ALLOW
1208,ALLOW
1209,ALLOW
1210,BLOCK
1211,ALLOW
1212,ALLOW
1213,ALLOW
1214,ALLOW
1215,BLOCK
1216,ALLOW
1217,ALLOW
1218,ALLOW
1219,ALLOW
1220,BLOCK
1221,ALLOW
1222,ALLOW
1223,ALLOW
1224,BLOCK
1225,ALLOW
1226,ALLOW
1227,BLOCK
1228,ALLOW
1229,ALLOW
1230,BLOCK
1231,ALLOW
1232,ALLOW
1233,BLOCK
1234,ALLOW
1235,BLOCK
1236,ALLOW
1237,ALLOW
1238,BLOCK
1239,ALLOW
1240,BLOCK
1241,ALLOW
1242,ALLOW
1243,ALLOW
1244,ALLOW
1245,ALLOW
1246,ALLOW
1247,BLOCK
1248,ALLOW
1249,BLOCK
1250,BLOCK
1251,ALLOW
1252,ALLOW
1253,BLOCK
1254,ALLOW
1255,ALLOW
1256,ALLOW
1257,ALLOW
1258,BLOCK
1259,BLOCK
1260,ALLOW
1261,BLOCK
1262,ALLOW
1263,ALLOW
1264,BLOCK
1265,ALLOW
1266,BLOCK
1267,ALLOW
1268,ALLOW
1269,ALLOW
1270,ALLOW
1271,BLOCK
1272,ALLOW
1273,ALLOW
1274,ALLOW
1275,ALLOW
1276,ALLOW
1277,ALLOW
1278,ALLOW
1279,ALLOW
1280,ALLOW
1281,ALLOW
1282,ALLOW
1283,ALLOW
1284,ALLOW
1285,ALLOW
1286,ALLOW
1287,BLOCK
1288,BLOCK
1289,BLOCK
1290,BLOCK
1291,BLOCK
1292,ALLOW
1293,ALLOW
1294,ALLOW
1295,ALLOW
1296,ALLOW
1297,ALLOW
1298,ALLOW
1299,ALLOW
1300,BLOCK
1301,ALLOW
1302,BLOCK
1303,ALLOW
1304,ALLOW
1305,ALLOW
1306,ALLOW
1307,BLOCK
1308,ALLOW
1309,ALLOW
1310,ALLOW
1311,ALLOW
1312,ALLOW
1313,BLOCK
1314,BLOCK
1315,ALLOW
1316,ALLOW
1317,ALLOW
1318,ALLOW
1319,ALLOW
1320,BLOCK
1321,ALLOW
1322,BLOCK
1323,ALLOW
1324,ALLOW
1325,BLOCK
1326,ALLOW
1327,ALLOW
1328,ALLOW
1329,ALLOW
1330,ALLOW
1331,ALLOW
1332,ALLOW
1333,BLOCK
1334,ALLOW
1335,ALLOW
1336,ALLOW
1337,BLOCK
1338,ALLOW
1339,ALLOW
1340,ALLOW
1341,ALLOW
1342,ALLOW
1343,BLOCK
1344,ALLOW
1345,BLOCK
1346,ALLOW
1347,ALLOW
1348,ALLOW
1349,ALLOW
1350,ALLOW
1351,ALLOW
1352,ALLOW
1353,ALLOW
1354,ALLOW
1355,ALLOW
1356,ALLOW
1357,ALLOW
1358,ALLOW
1359,BLOCK
1360,ALLOW
1361,ALLOW
1362,ALLOW
1363,BLOCK
1364,ALLOW
1365,BLOCK
1366,ALLOW
1367,ALLOW
1368,ALLOW
1369,BLOCK
1370,ALLOW
1371,ALLOW
1372,ALLOW
1373,ALLOW
1374,ALLOW
1375,ALLOW
1376,BLOCK
1377,ALLOW
1378,BLOCK
1379,BLOCK
1380,ALLOW
1381,BLOCK
1382,ALLOW
1383,ALLOW
1384,BLOCK
1385,BLOCK
1386,ALLOW
1387,BLOCK
1388,ALLOW
1389,ALLOW
1390,ALLOW
1391,ALLOW
1392,ALLOW
1393,ALLOW
1394,ALLOW
1395,BLOCK
1396,ALLOW
1397,BLOCK
1398,ALLOW
1399,ALLOW
1400,ALLOW
1401,BLOCK
1402,ALLOW
1403,ALLOW
1404,ALLOW
1405,ALLOW
1406,ALLOW
1407,BLOCK
1408,ALLOW
1409,ALLOW
1410,ALLOW
1411,ALLOW
1412,ALLOW
1413,ALLOW
1414,BLOCK
1415,ALLOW
1416,ALLOW
1417,ALLOW
1418,ALLOW
1419,ALLOW
1420,ALLOW
1421,BLOCK
1422,ALLOW
1423,ALLOW
1424,ALLOW
1425,BLOCK
1426,ALLOW
1427,BLOCK
1428,ALLOW
1429,ALLOW
1430,ALLOW
1431,ALLOW
1432,BLOCK
1433,ALLOW
1434,ALLOW
1435,ALLOW
1436,ALLOW
1437,ALLOW
1438,ALLOW
1439,BLOCK
1440,ALLOW
1441,ALLOW
1442,ALLOW
1443,ALLOW
1444,BLOCK
1445,ALLOW
1446,ALLOW
1447,ALLOW
1448,ALLOW
1449,ALLOW
1450,ALLOW
1451,ALLOW
1452,ALLOW
1453,BLOCK
1454,ALLOW
1455,ALLOW
1456,BLOCK
1457,BLOCK
1458,ALLOW
1459,ALLOW
1460,BLOCK
1461,ALLOW
1462,ALLOW
1463,ALLOW
1464,ALLOW
1465,ALLOW
1466,BLOCK
1467,ALLOW
1468,ALLOW
1469,ALLOW
1470,ALLOW
1471,ALLOW
1472,BLOCK
1473,ALLOW
1474,ALLOW
1475,ALLOW
1476,BLOCK
1477,ALLOW
1478,BLOCK
1479,ALLOW
1480,ALLOW
1481,ALLOW
1482,ALLOW
1483,ALLOW
1484,ALLOW
1485,ALLOW
1486,ALLOW
1487,ALLOW
1488,BLOCK
1489,ALLOW
1490,BLOCK
1491,BLOCK
1492,ALLOW
1493,BLOCK
1494,ALLOW
1495,BLOCK
1496,BLOCK
1497,BLOCK
1498,BLOCK
1499,BLOCK
1500,BLOCK
1501,ALLOW
1502,ALLOW
1503,ALLOW
1504,BLOCK
1505,ALLOW
1506,BLOCK
1507,ALLOW
1508,ALLOW
1509,ALLOW
1510,ALLOW
1511,ALLOW
1512,BLOCK
1513,ALLOW
1514,BLOCK
1515,ALLOW
1516,ALLOW
1517,ALLOW
1518,BLOCK
1519,ALLOW
1520,BLOCK
1521,ALLOW
1522,ALLOW
1523,ALLOW
1524,BLOCK
1525,ALLOW
1526,ALLOW
1527,ALLOW
1528,ALLOW
1529,ALLOW
1530,ALLOW
1531,ALLOW
1532,BLOCK
1533,BLOCK
1534,ALLOW
1535,ALLOW
1536,ALLOW
1537,ALLOW
1538,ALLOW
1539,ALLOW
1540,ALLOW
1541,ALLOW
1542,ALLOW
1543,ALLOW
1544,ALLOW
1545,ALLOW
1546,ALLOW
1547,ALLOW
1548,ALLOW
1549,ALLOW
1550,ALLOW
1551,ALLOW
1552,ALLOW
1553,ALLOW
1554,BLOCK
1555,ALLOW
1556,ALLOW
1557,ALLOW
1558,ALLOW
1559,ALLOW
1560,ALLOW
1561,BLOCK
1562,BLOCK
1563,ALLOW
1564,ALLOW
1565,ALLOW
1566,BLOCK
1567,ALLOW
1568,BLOCK
1569,BLOCK
1570,ALLOW
1571,BLOCK
1572,ALLOW
1573,BLOCK
1574,ALLOW
1575,ALLOW
1576,ALLOW
1577,ALLOW
1578,ALLOW
1579,ALLOW
1580,ALLOW
1581,ALLOW
1582,ALLOW
1583,ALLOW
1584,ALLOW
1585,ALLOW
1586,BLOCK
1587,ALLOW
1588,ALLOW
1589,ALLOW
1590,ALLOW
1591,BLOCK
1592,ALLOW
1593,ALLOW
1594,ALLOW
1595,ALLOW
1596,ALLOW
1597,ALLOW
1598,ALLOW
1599,ALLOW
1600,ALLOW
1601,ALLOW
1602,BLOCK
1603,ALLOW
1604,BLOCK
1605,ALLOW
1606,ALLOW
1607,ALLOW
1608,BLOCK
1609,ALLOW
1610,BLOCK
1611,ALLOW
1612,ALLOW
1613,BLOCK
1614,ALLOW
1615,ALLOW
1616,BLOCK
1617,ALLOW
1618,BLOCK
1619,ALLOW
1620,ALLOW
1621,ALLOW
1622,ALLOW
1623,BLOCK
1624,ALLOW
1625,ALLOW
1626,BLOCK
1627,BLOCK
1628,ALLOW
1629,BLOCK
1630,BLOCK
1631,ALLOW
1632,BLOCK
1633,BLOCK
1634,ALLOW
1635,ALLOW
1636,ALLOW
1637,ALLOW
1638,BLOCK
1639,ALLOW
1640,BLOCK
1641,ALLOW
1642,ALLOW
1643,ALLOW
1644,BLOCK
1645,ALLOW
1646,ALLOW
1647,ALLOW
1648,ALLOW
1649,ALLOW
1650,ALLOW
1651,ALLOW
1652,ALLOW
1653,ALLOW
1654,BLOCK
1655,BLOCK
1656,BLOCK
1657,ALLOW
1658,ALLOW
1659,ALLOW
1660,ALLOW
1661,ALLOW
1662,BLOCK
1663,ALLOW
1664,ALLOW
1665,ALLOW
1666,ALLOW
1667,ALLOW
1668,ALLOW
1669,ALLOW
1670,ALLOW
1671,ALLOW
1672,ALLOW
1673,ALLOW
1674,ALLOW
1675,ALLOW
1676,ALLOW
1677,ALLOW
1678,ALLOW
1679,BLOCK
1680,ALLOW
1681,ALLOW
1682,ALLOW
1683,ALLOW
1684,ALLOW
1685,BLOCK
1686,ALLOW
1687,ALLOW
1688,ALLOW
1689,ALLOW
1690,ALLOW
1691,ALLOW
1692,BLOCK
1693,ALLOW
1694,ALLOW
1695,BLOCK
1696,ALLOW
1697,ALLOW
1698,ALLOW
1699,ALLOW
1700,ALLOW
1701,ALLOW
1702,ALLOW
1703,ALLOW
1704,BLOCK
1705,ALLOW
1706,BLOCK
1707,ALLOW
1708,BLOCK
1709,ALLOW
1710,ALLOW
1711,BLOCK
1712,ALLOW
1713,ALLOW
1714,ALLOW
1715,ALLOW
1716,ALLOW
1717,BLOCK
1718,ALLOW
1719,ALLOW
1720,ALLOW
1721,ALLOW
1722,ALLOW
1723,ALLOW
1724,BLOCK
1725,ALLOW
1726,BLOCK
1727,ALLOW
1728,ALLOW
1729,BLOCK
1730,ALLOW
1731,ALLOW
1732,ALLOW
1733,ALLOW
1734,ALLOW
1735,BLOCK
1736,ALLOW
1737,BLOCK
1738,ALLOW
1739,ALLOW
1740,BLOCK
1741,BLOCK
1742,ALLOW
1743,ALLOW
1744,ALLOW
1745,ALLOW
1746,ALLOW
1747,BLOCK
1748,BLOCK
1749,ALLOW
1750,ALLOW
1751,BLOCK
1752,ALLOW
1753,ALLOW
1754,ALLOW
1755,ALLOW
1756,ALLOW
1757,ALLOW
1758,BLOCK
1759,ALLOW
1760,ALLOW
1761,ALLOW
1762,ALLOW
1763,ALLOW
1764,ALLOW
1765,ALLOW
1766,ALLOW
1767,ALLOW
1768,ALLOW
1769,ALLOW
1770,ALLOW
1771,BLOCK
1772,ALLOW
1773,ALLOW
1774,ALLOW
1775,BLOCK
1776,ALLOW
1777,ALLOW
1778,ALLOW
1779,ALLOW
1780,ALLOW
1781,ALLOW
1782,ALLOW
1783,ALLOW
1784,ALLOW
1785,ALLOW
1786,ALLOW
1787,ALLOW
1788,ALLOW
1789,ALLOW
1790,ALLOW
1791,ALLOW
1792,BLOCK
1793,ALLOW
1794,ALLOW
1795,ALLOW
1796,BLOCK
1797,BLOCK
1798,BLOCK
1799,ALLOW
1800,BLOCK
1801,BLOCK
1802,BLOCK
1803,BLOCK
1804,BLOCK
1805,BLOCK
1806,ALLOW
1807,BLOCK
1808,ALLOW
1809,ALLOW
1810,ALLOW
1811,ALLOW
1812,ALLOW
1813,ALLOW
1814,ALLOW
1815,ALLOW
1816,ALLOW
1817,BLOCK
1818,BLOCK
1819,ALLOW
1820,ALLOW
1821,ALLOW
1822,ALLOW
1823,ALLOW
1824,ALLOW
1825,BLOCK
1826,BLOCK
1827,ALLOW
1828,ALLOW
1829,ALLOW
1830,ALLOW
1831,ALLOW
1832,ALLOW
1833,ALLOW
1834,ALLOW
1835,ALLOW
1836,ALLOW
1837,ALLOW
1838,ALLOW
1839,ALLOW
1840,ALLOW
1841,ALLOW
1842,ALLOW
1843,ALLOW
1844,ALLOW
1845,ALLOW
1846,ALLOW
1847,ALLOW
1848,BLOCK
1849,ALLOW
1850,BLOCK
1851,BLOCK
1852,ALLOW
1853,ALLOW
1854,BLOCK
1855,ALLOW
1856,BLOCK
1857,ALLOW
1858,ALLOW
1859,ALLOW
1860,ALLOW
1861,ALLOW
1862,ALLOW
1863,ALLOW
1864,ALLOW
1865,ALLOW
1866,BLOCK
1867,BLOCK
1868,ALLOW
1869,BLOCK
1870,ALLOW
1871,ALLOW
1872,BLOCK
1873,BLOCK
1874,BLOCK
1875,ALLOW
1876,BLOCK
1877,ALLOW
1878,BLOCK
1879,ALLOW
1880,ALLOW
1881,ALLOW
1882,ALLOW
1883,BLOCK
1884,ALLOW
1885,ALLOW
1886,ALLOW
1887,ALLOW
1888,BLOCK
1889,BLOCK
1890,ALLOW
1891,ALLOW
1892,ALLOW
1893,ALLOW
1894,ALLOW
1895,BLOCK
1896,ALLOW
1897,ALLOW
1898,BLOCK
1899,ALLOW
1900,ALLOW
1901,ALLOW
1902,ALLOW
1903,ALLOW
1904,ALLOW
1905,ALLOW
1906,BLOCK
1907,ALLOW
1908,ALLOW
1909,ALLOW
1910,ALLOW
1911,ALLOW
1912,ALLOW
1913,ALLOW
1914,ALLOW
1915,ALLOW
1916,ALLOW
1917,ALLOW
1918,ALLOW
1919,BLOCK
1920,ALLOW
1921,ALLOW
1922,ALLOW
1923,ALLOW
1924,ALLOW
1925,ALLOW
1926,ALLOW
1927,ALLOW
1928,ALLOW
1929,ALLOW
1930,ALLOW
1931,ALLOW
1932,BLOCK
1933,ALLOW
1934,BLOCK
1935,BLOCK
1936,ALLOW
1937,ALLOW
1938,BLOCK
1939,BLOCK
1940,ALLOW
1941,ALLOW
1942,ALLOW
1943,ALLOW
1944,ALLOW
1945,BLOCK
1946,ALLOW
1947,ALLOW
1948,ALLOW
1949,BLOCK
1950,ALLOW
1951,ALLOW
1952,ALLOW
1953,ALLOW
1954,ALLOW
1955,BLOCK
1956,ALLOW
1957,ALLOW
1958,ALLOW
1959,ALLOW
1960,ALLOW
1961,ALLOW
1962,ALLOW
1963,ALLOW
1964,BLOCK
1965,ALLOW
1966,ALLOW
1967,BLOCK
1968,ALLOW
1969,BLOCK
1970,ALLOW
1971,ALLOW
1972,ALLOW
1973,ALLOW
1974,ALLOW
1975,ALLOW
1976,ALLOW
1977,ALLOW
1978,ALLOW
1979,ALLOW
1980,ALLOW
1981,ALLOW
1982,ALLOW
1983,ALLOW
1984,ALLOW
1985,ALLOW
1986,BLOCK
1987,ALLOW
1988,ALLOW
1989,BLOCK
1990,BLOCK
1991,ALLOW
1992,ALLOW
1993,ALLOW
1994,ALLOW
1995,ALLOW
1996,ALLOW
1997,ALLOW
1998,ALLOW
1999,BLOCK
2000,ALLOW
2001,ALLOW
2002,BLOCK
2003,ALLOW
2004,ALLOW
2005,ALLOW
2006,ALLOW
2007,ALLOW
2008,ALLOW
2009,ALLOW
2010,BLOCK
2011,ALLOW
2012,ALLOW
2013,BLOCK
2014,ALLOW
2015,ALLOW
2016,ALLOW
2017,BLOCK
2018,ALLOW
2019,ALLOW
2020,ALLOW
2021,BLOCK
2022,ALLOW
2023,ALLOW
2024,ALLOW
2025,ALLOW
2026,ALLOW
2027,ALLOW
2028,BLOCK
2029,BLOCK
2030,ALLOW
2031,ALLOW
2032,ALLOW
2033,ALLOW
2034,ALLOW
2035,ALLOW
2036,ALLOW
2037,ALLOW
2038,BLOCK
2039,BLOCK
2040,ALLOW
2041,ALLOW
2042,ALLOW
2043,BLOCK
2044,BLOCK
2045,ALLOW
2046,ALLOW
2047,ALLOW
2048,BLOCK
2049,ALLOW
2050,ALLOW
2051,ALLOW
2052,ALLOW
2053,ALLOW
2054,BLOCK
2055,ALLOW
2056,BLOCK
2057,ALLOW
2058,ALLOW
2059,BLOCK
2060,ALLOW
2061,ALLOW
2062,ALLOW
2063,BLOCK
2064,ALLOW
2065,BLOCK
2066,ALLOW
2067,BLOCK
2068,ALLOW
2069,ALLOW
2070,ALLOW
2071,ALLOW
2072,ALLOW
2073,ALLOW
2074,ALLOW
2075,ALLOW
2076,ALLOW
2077,ALLOW
2078,ALLOW
2079,ALLOW
2080,BLOCK
2081,ALLOW
2082,ALLOW
2083,ALLOW
2084,ALLOW
2085,ALLOW
2086,BLOCK
2087,BLOCK
2088,ALLOW
2089,ALLOW
2090,ALLOW
2091,ALLOW
2092,BLOCK
2093,BLOCK
2094,ALLOW
2095,ALLOW
2096,ALLOW
2097,ALLOW
2098,ALLOW
2099,ALLOW
2100,ALLOW
2101,ALLOW
2102,ALLOW
2103,BLOCK
2104,BLOCK
2105,ALLOW
2106,ALLOW
2107,BLOCK
2108,ALLOW
2109,ALLOW
2110,ALLOW
2111,BLOCK
2112,BLOCK
2113,ALLOW
2114,ALLOW
2115,ALLOW
2116,BLOCK
2117,BLOCK
2118,ALLOW
2119,ALLOW
2120,ALLOW
2121,BLOCK
2122,ALLOW
2123,ALLOW
2124,BLOCK
2125,ALLOW
2126,ALLOW
2127,BLOCK
2128,ALLOW
2129,ALLOW
2130,ALLOW
2131,ALLOW
2132,ALLOW
2133,ALLOW
2134,ALLOW
2135,BLOCK
2136,ALLOW
2137,BLOCK
2138,BLOCK
2139,ALLOW
2140,BLOCK
2141,ALLOW
2142,ALLOW
2143,ALLOW
2144,BLOCK
2145,ALLOW
2146,ALLOW
2147,BLOCK
2148,ALLOW
2149,ALLOW
2150,ALLOW
2151,ALLOW
2152,BLOCK
2153,ALLOW
2154,ALLOW
2155,ALLOW
2156,ALLOW
2157,BLOCK
2158,BLOCK
2159,ALLOW
2160,ALLOW
2161,BLOCK
2162,ALLOW
2163,ALLOW
2164,ALLOW
2165,ALLOW
2166,ALLOW
2167,ALLOW
2168,ALLOW
2169,ALLOW
2170,ALLOW
2171,ALLOW
2172,BLOCK
2173,BLOCK
2174,ALLOW
2175,BLOCK
2176,ALLOW
2177,ALLOW
2178,ALLOW
2179,BLOCK
2180,ALLOW
2181,BLOCK
2182,ALLOW
2183,BLOCK
2184,ALLOW
2185,ALLOW
2186,ALLOW
2187,ALLOW
2188,ALLOW
2189,ALLOW
2190,ALLOW
2191,BLOCK
2192,ALLOW
2193,BLOCK
2194,ALLOW
2195,ALLOW
2196,ALLOW
2197,ALLOW
2198,BLOCK
2199,BLOCK
2200,ALLOW
2201,ALLOW
2202,ALLOW
2203,BLOCK
2204,ALLOW
2205,BLOCK
2206,ALLOW
2207,ALLOW
2208,BLOCK
2209,ALLOW
2210,ALLOW
2211,ALLOW
2212,ALLOW
2213,BLOCK
2214,ALLOW
2215,ALLOW
2216,ALLOW
2217,ALLOW
2218,ALLOW
2219,ALLOW
2220,ALLOW
2221,BLOCK
2222,ALLOW
2223,ALLOW
2224,ALLOW
2225,ALLOW
2226,ALLOW
2227,BLOCK
2228,ALLOW
2229,ALLOW
2230,BLOCK
2231,ALLOW
2232,BLOCK
2233,ALLOW
2234,ALLOW
2235,ALLOW
2236,BLOCK
2237,BLOCK
2238,ALLOW
2239,BLOCK
2240,BLOCK
2241,ALLOW
2242,BLOCK
2243,BLOCK
2244,ALLOW
2245,ALLOW
2246,ALLOW
2247,BLOCK
2248,ALLOW
2249,ALLOW
2250,ALLOW
2251,ALLOW
2252,BLOCK
2253,BLOCK
2254,ALLOW
2255,ALLOW
2256,ALLOW
2257,ALLOW
2258,ALLOW
2259,BLOCK
2260,ALLOW
2261,ALLOW
2262,ALLOW
2263,ALLOW
2264,ALLOW
2265,ALLOW
2266,ALLOW
2267,BLOCK
2268,ALLOW
2269,ALLOW
2270,ALLOW
2271,BLOCK
2272,ALLOW
2273,ALLOW
2274,ALLOW
2275,ALLOW
2276,BLOCK
2277,BLOCK
2278,ALLOW
2279,ALLOW
2280,BLOCK
2281,ALLOW
2282,ALLOW
2283,ALLOW
2284,ALLOW
2285,BLOCK
2286,ALLOW
2287,ALLOW
2288,BLOCK
2289,BLOCK
2290,BLOCK
2291,ALLOW
2292,ALLOW
2293,ALLOW
2294,ALLOW
2295,ALLOW
2296,ALLOW
2297,BLOCK
2298,BLOCK
2299,BLOCK
2300,ALLOW
2301,ALLOW
2302,ALLOW
2303,ALLOW
2304,ALLOW
2305,ALLOW
2306,ALLOW
2307,ALLOW
2308,BLOCK
2309,ALLOW
2310,ALLOW
2311,ALLOW
2312,ALLOW
2313,BLOCK
2314,BLOCK
2315,ALLOW
2316,ALLOW
2317,ALLOW
2318,ALLOW
2319,ALLOW
2320,ALLOW
2321,ALLOW
2322,ALLOW
2323,ALLOW
2324,ALLOW
2325,ALLOW
2326,ALLOW
2327,ALLOW
2328,ALLOW
2329,ALLOW
2330,ALLOW
2331,ALLOW
2332,ALLOW
2333,ALLOW
2334,ALLOW
2335,ALLOW
2336,ALLOW
2337,ALLOW
2338,BLOCK
2339,ALLOW
2340,ALLOW
2341,BLOCK
2342,ALLOW
2343,BLOCK
2344,ALLOW
2345,BLOCK
2346,ALLOW
2347,ALLOW
2348,ALLOW
2349,ALLOW
2350,BLOCK
2351,ALLOW
2352,ALLOW
2353,BLOCK
2354,ALLOW
2355,ALLOW
2356,ALLOW
2357,ALLOW
2358,BLOCK
2359,ALLOW
2360,ALLOW
2361,ALLOW
2362,BLOCK
2363,BLOCK
2364,ALLOW
2365,ALLOW
2366,ALLOW
2367,BLOCK
2368,ALLOW
2369,ALLOW
2370,ALLOW
2371,ALLOW
2372,ALLOW
2373,ALLOW
2374,ALLOW
2375,BLOCK
2376,ALLOW
2377,BLOCK
2378,ALLOW
2379,ALLOW
2380,BLOCK
2381,ALLOW
2382,ALLOW
2383,ALLOW
2384,BLOCK
2385,ALLOW
2386,ALLOW
2387,ALLOW
2388,ALLOW
2389,ALLOW
2390,BLOCK
2391,BLOCK
2392,ALLOW
2393,ALLOW
2394,ALLOW
2395,ALLOW
2396,ALLOW
2397,BLOCK
2398,ALLOW
2399,ALLOW
2400,ALLOW
2401,ALLOW
2402,ALLOW
2403,ALLOW
2404,BLOCK
2405,ALLOW
2406,ALLOW
2407,BLOCK
2408,ALLOW
2409,ALLOW
2410,ALLOW
2411,ALLOW
2412,ALLOW
2413,BLOCK
2414,ALLOW
2415,ALLOW
2416,BLOCK
2417,ALLOW
2418,ALLOW
2419,ALLOW
2420,ALLOW
2421,ALLOW
2422,ALLOW
2423,ALLOW
2424,BLOCK
2425,BLOCK
2426,ALLOW
2427,ALLOW
2428,ALLOW
2429,BLOCK
2430,BLOCK
2431,ALLOW
2432,ALLOW
2433,ALLOW
2434,BLOCK
2435,ALLOW
2436,ALLOW
2437,ALLOW
2438,ALLOW
2439,ALLOW
2440,BLOCK
2441,BLOCK
2442,ALLOW
2443,ALLOW
2444,ALLOW
2445,ALLOW
2446,ALLOW
2447,ALLOW
2448,BLOCK
2449,ALLOW
2450,ALLOW
2451,ALLOW
2452,ALLOW
2453,ALLOW
2454,ALLOW
2455,ALLOW
2456,ALLOW
2457,BLOCK
2458,ALLOW
2459,ALLOW
2460,ALLOW
2461,ALLOW
2462,ALLOW
2463,ALLOW
2464,ALLOW
2465,ALLOW
2466,BLOCK
2467,ALLOW
2468,ALLOW
2469,ALLOW
2470,ALLOW
2471,ALLOW
2472,BLOCK
2473,ALLOW
2474,BLOCK
2475,ALLOW
2476,ALLOW
2477,BLOCK
2478,ALLOW
2479,ALLOW
2480,ALLOW
2481,BLOCK
2482,ALLOW
2483,BLOCK
2484,ALLOW
2485,BLOCK
2486,ALLOW
2487,BLOCK
2488,BLOCK
2489,ALLOW
2490,ALLOW
2491,ALLOW
2492,ALLOW
2493,BLOCK
2494,ALLOW
2495,BLOCK
2496,ALLOW
2497,ALLOW
2498,BLOCK
2499,ALLOW
2500,ALLOW
2501,ALLOW
2502,ALLOW
2503,BLOCK
2504,ALLOW
2505,ALLOW
2506,ALLOW
2507,ALLOW
2508,ALLOW
2509,ALLOW
2510,BLOCK
2511,BLOCK
2512,ALLOW
2513,BLOCK
2514,ALLOW
2515,ALLOW
2516,ALLOW
2517,ALLOW
2518,ALLOW
2519,ALLOW
2520,ALLOW
2521,ALLOW
2522,ALLOW
2523,ALLOW
2524,ALLOW
2525,BLOCK
2526,BLOCK
2527,ALLOW
2528,ALLOW
2529,ALLOW
2530,ALLOW
2531,ALLOW
2532,ALLOW
2533,BLOCK
2534,ALLOW
2535,BLOCK
2536,ALLOW
2537,ALLOW
2538,BLOCK
2539,ALLOW
2540,ALLOW
2541,BLOCK
2542,ALLOW
2543,ALLOW
2544,BLOCK
2545,BLOCK
2546,BLOCK
2547,ALLOW
2548,BLOCK
2549,ALLOW
2550,BLOCK
2551,ALLOW
2552,ALLOW
2553,BLOCK
2554,ALLOW
2555,ALLOW
2556,ALLOW
2557,ALLOW
2558,ALLOW
2559,ALLOW
2560,ALLOW
2561,ALLOW
2562,ALLOW
2563,ALLOW
2564,ALLOW
2565,ALLOW
2566,ALLOW
2567,ALLOW
2568,BLOCK
2569,ALLOW
2570,ALLOW
2571,BLOCK
2572,ALLOW
2573,ALLOW
2574,ALLOW
2575,ALLOW
2576,ALLOW
2577,ALLOW
2578,BLOCK
2579,ALLOW
2580,ALLOW
2581,ALLOW
2582,BLOCK
2583,ALLOW
2584,ALLOW
2585,ALLOW
2586,ALLOW
2587,ALLOW
2588,ALLOW
2589,ALLOW
2590,ALLOW
2591,ALLOW
2592,ALLOW
2593,BLOCK
2594,ALLOW
2595,ALLOW
2596,ALLOW
2597,ALLOW
2598,ALLOW
2599,ALLOW
2600,ALLOW
2601,BLOCK
2602,ALLOW
2603,BLOCK
2604,ALLOW
2605,BLOCK
2606,ALLOW
2607,ALLOW
2608,BLOCK
2609,BLOCK
2610,ALLOW
2611,BLOCK
2612,BLOCK
2613,ALLOW
2614,ALLOW
2615,ALLOW
2616,ALLOW
2617,ALLOW
2618,BLOCK
2619,BLOCK
2620,ALLOW
2621,ALLOW
2622,ALLOW
2623,ALLOW
2624,BLOCK
2625,ALLOW
2626,ALLOW
2627,ALLOW
2628,ALLOW
2629,ALLOW
2630,ALLOW
2631,ALLOW
2632,ALLOW
2633,ALLOW
2634,ALLOW
2635,ALLOW
2636,ALLOW
2637,BLOCK
2638,ALLOW
2639,BLOCK
2640,BLOCK
2641,BLOCK
2642,ALLOW
2643,ALLOW
2644,ALLOW
2645,BLOCK
2646,ALLOW
2647,ALLOW
2648,ALLOW
2649,BLOCK
2650,ALLOW
2651,ALLOW
2652,BLOCK
2653,BLOCK
2654,BLOCK
2655,ALLOW
2656,ALLOW
2657,ALLOW
2658,ALLOW
2659,ALLOW
2660,ALLOW
2661,ALLOW
2662,BLOCK
2663,ALLOW
2664,ALLOW
2665,ALLOW
2666,BLOCK
2667,BLOCK
2668,ALLOW
2669,BLOCK
2670,ALLOW
2671,ALLOW
2672,BLOCK
2673,ALLOW
2674,ALLOW
2675,BLOCK
2676,BLOCK
2677,ALLOW
2678,ALLOW
2679,ALLOW
2680,BLOCK
2681,ALLOW
2682,ALLOW
2683,BLOCK
2684,ALLOW
2685,ALLOW
2686,ALLOW
2687,ALLOW
2688,ALLOW
2689,ALLOW
2690,ALLOW
2691,ALLOW
2692,ALLOW
2693,ALLOW
2694,ALLOW
2695,ALLOW
2696,BLOCK
2697,ALLOW
2698,BLOCK
2699,ALLOW
2700,ALLOW
2701,BLOCK
2702,ALLOW
2703,ALLOW
2704,ALLOW
2705,ALLOW
2706,ALLOW
2707,ALLOW
2708,ALLOW
2709,ALLOW
2710,BLOCK
2711,ALLOW
2712,BLOCK
2713,ALLOW
2714,ALLOW
2715,ALLOW
2716,ALLOW
2717,ALLOW
2718,ALLOW
2719,ALLOW
2720,ALLOW
2721,ALLOW
2722,ALLOW
2723,ALLOW
2724,ALLOW
2725,ALLOW
2726,ALLOW
2727,ALLOW
2728,ALLOW
2729,ALLOW
2730,ALLOW
2731,BLOCK
2732,ALLOW
2733,ALLOW
2734,ALLOW
2735,BLOCK
2736,BLOCK
2737,ALLOW
2738,ALLOW
2739,ALLOW
2740,ALLOW
2741,ALLOW
2742,ALLOW
2743,ALLOW
2744,BLOCK
2745,ALLOW
2746,ALLOW
2747,BLOCK
2748,BLOCK
2749,ALLOW
2750,ALLOW
2751,ALLOW
2752,BLOCK
2753,ALLOW
2754,BLOCK
2755,ALLOW
2756,ALLOW
2757,BLOCK
2758,ALLOW
2759,ALLOW
2760,ALLOW
2761,ALLOW
2762,BLOCK
2763,ALLOW
2764,BLOCK
2765,ALLOW
2766,ALLOW
2767,BLOCK
2768,ALLOW
2769,ALLOW
2770,BLOCK
2771,ALLOW
2772,ALLOW
2773,BLOCK
2774,ALLOW
2775,BLOCK
2776,ALLOW
2777,BLOCK
2778,ALLOW
2779,BLOCK
2780,ALLOW
2781,ALLOW
2782,ALLOW
2783,ALLOW
2784,BLOCK
2785,ALLOW
2786,ALLOW
2787,BLOCK
2788,ALLOW
2789,BLOCK
2790,ALLOW
2791,ALLOW
2792,ALLOW
2793,ALLOW
2794,ALLOW
2795,ALLOW
2796,ALLOW
2797,ALLOW
2798,ALLOW
2799,ALLOW
2800,ALLOW
2801,ALLOW
2802,ALLOW
2803,BLOCK
2804,ALLOW
2805,ALLOW
2806,BLOCK
2807,ALLOW
2808,ALLOW
2809,ALLOW
2810,ALLOW
2811,ALLOW
2812,ALLOW
2813,ALLOW
2814,BLOCK
2815,ALLOW
2816,BLOCK
2817,ALLOW
2818,ALLOW
2819,BLOCK
2820,ALLOW
2821,ALLOW
2822,BLOCK
2823,ALLOW
2824,BLOCK
2825,ALLOW
2826,ALLOW
2827,ALLOW
2828,ALLOW
2829,ALLOW
2830,ALLOW
2831,BLOCK
2832,ALLOW
2833,ALLOW
2834,ALLOW
2835,ALLOW
2836,ALLOW
2837,ALLOW
2838,ALLOW
2839,ALLOW
2840,ALLOW
2841,ALLOW
2842,ALLOW
2843,ALLOW
2844,ALLOW
2845,ALLOW
2846,BLOCK
2847,ALLOW
2848,BLOCK
2849,ALLOW
2850,BLOCK
2851,BLOCK
2852,BLOCK
2853,ALLOW
2854,ALLOW
2855,ALLOW
2856,ALLOW
2857,BLOCK
2858,BLOCK
2859,BLOCK
2860,BLOCK
2861,ALLOW
2862,ALLOW
2863,ALLOW
2864,ALLOW
2865,ALLOW
2866,BLOCK
2867,ALLOW
2868,ALLOW
2869,ALLOW
2870,BLOCK
2871,ALLOW
2872,ALLOW
2873,ALLOW
2874,ALLOW
2875,ALLOW
2876,ALLOW
2877,BLOCK
2878,ALLOW
2879,ALLOW
2880,ALLOW
2881,ALLOW
2882,ALLOW
2883,ALLOW
2884,ALLOW
2885,BLOCK
2886,ALLOW
2887,ALLOW
2888,ALLOW
2889,ALLOW
2890,BLOCK
2891,BLOCK
2892,ALLOW
2893,BLOCK
2894,BLOCK
2895,ALLOW
2896,ALLOW
2897,ALLOW
2898,BLOCK
2899,ALLOW
2900,ALLOW
2901,ALLOW
2902,ALLOW
2903,ALLOW
2904,BLOCK
2905,ALLOW
2906,ALLOW
2907,ALLOW
2908,BLOCK
2909,ALLOW
2910,BLOCK
2911,BLOCK
2912,ALLOW
2913,BLOCK
2914,BLOCK
2915,ALLOW
2916,ALLOW
2917,ALLOW
2918,ALLOW
2919,ALLOW
2920,ALLOW
2921,BLOCK
2922,ALLOW
2923,ALLOW
2924,ALLOW
2925,BLOCK
2926,ALLOW
2927,ALLOW
2928,ALLOW
2929,ALLOW
2930,ALLOW
2931,ALLOW
2932,ALLOW
2933,ALLOW
2934,BLOCK
2935,ALLOW
2936,ALLOW
2937,ALLOW
2938,ALLOW
2939,ALLOW
2940,BLOCK
2941,ALLOW
2942,ALLOW
2943,BLOCK
2944,ALLOW
2945,ALLOW
2946,ALLOW
2947,ALLOW
2948,BLOCK
2949,ALLOW
2950,BLOCK
2951,BLOCK
2952,ALLOW
2953,ALLOW
2954,BLOCK
2955,BLOCK
2956,ALLOW
2957,ALLOW
2958,ALLOW
2959,BLOCK
2960,BLOCK
2961,ALLOW
2962,BLOCK
2963,ALLOW
2964,BLOCK
2965,ALLOW
2966,ALLOW
2967,ALLOW
2968,ALLOW
2969,BLOCK
2970,ALLOW
2971,ALLOW
2972,BLOCK
2973,ALLOW
2974,ALLOW
2975,ALLOW
2976,ALLOW
2977,BLOCK
2978,BLOCK
2979,ALLOW
2980,BLOCK
2981,BLOCK
2982,ALLOW
2983,ALLOW
2984,ALLOW
2985,ALLOW
2986,ALLOW
2987,ALLOW
2988,ALLOW
2989,ALLOW
2990,BLOCK
2991,ALLOW
2992,ALLOW
2993,ALLOW
2994,BLOCK
2995,BLOCK
2996,BLOCK
2997,BLOCK
2998,ALLOW
2999,ALLOW
3000,ALLOW
3001,ALLOW
3002,ALLOW
3003,ALLOW
3004,ALLOW
3005,ALLOW
3006,ALLOW
3007,ALLOW
3008,BLOCK
3009,BLOCK
3010,ALLOW
3011,BLOCK
3012,ALLOW
3013,BLOCK
3014,ALLOW
3015,ALLOW
3016,BLOCK
3017,BLOCK
3018,ALLOW
3019,ALLOW
3020,ALLOW
3021,ALLOW
3022,BLOCK
3023,BLOCK
3024,ALLOW
3025,BLOCK
3026,BLOCK
3027,ALLOW
3028,ALLOW
3029,ALLOW
3030,ALLOW
3031,ALLOW
3032,BLOCK
3033,ALLOW
3034,ALLOW
3035,ALLOW
3036,ALLOW
3037,ALLOW
3038,ALLOW
3039,ALLOW
3040,ALLOW
3041,ALLOW
3042,ALLOW
3043,ALLOW
3044,BLOCK
3045,ALLOW
3046,BLOCK
3047,ALLOW
3048,ALLOW
3049,BLOCK
3050,ALLOW
3051,BLOCK
3052,ALLOW
3053,ALLOW
3054,ALLOW
3055,ALLOW
3056,ALLOW
3057,ALLOW
3058,ALLOW
3059,ALLOW
3060,ALLOW
3061,BLOCK
3062,BLOCK
3063,ALLOW
3064,ALLOW
3065,ALLOW
3066,ALLOW
3067,ALLOW
3068,BLOCK
3069,ALLOW
3070,ALLOW
3071,ALLOW
3072,ALLOW
3073,ALLOW
3074,BLOCK
3075,ALLOW
3076,BLOCK
3077,ALLOW
3078,ALLOW
3079,BLOCK
3080,ALLOW
3081,ALLOW
3082,ALLOW
3083,BLOCK
3084,ALLOW
3085,ALLOW
3086,ALLOW
3087,ALLOW
3088,ALLOW
3089,ALLOW
3090,BLOCK
3091,ALLOW
3092,ALLOW
3093,BLOCK
3094,ALLOW
3095,ALLOW
3096,BLOCK
3097,ALLOW
3098,ALLOW
3099,ALLOW
3100,ALLOW
3101,BLOCK
3102,BLOCK
3103,ALLOW
3104,BLOCK
3105,ALLOW
3106,ALLOW
3107,ALLOW
3108,ALLOW
3109,ALLOW
3110,BLOCK
3111,BLOCK
3112,ALLOW
3113,ALLOW
3114,ALLOW
3115,ALLOW
3116,ALLOW
3117,ALLOW
3118,ALLOW
3119,ALLOW
3120,ALLOW
3121,BLOCK
3122,ALLOW
3123,ALLOW
3124,BLOCK
3125,BLOCK
3126,ALLOW
3127,ALLOW
3128,ALLOW
3129,ALLOW
3130,ALLOW
3131,ALLOW
3132,ALLOW
3133,ALLOW
3134,ALLOW
3135,BLOCK
3136,BLOCK
3137,ALLOW
3138,ALLOW
3139,ALLOW
3140,BLOCK
3141,ALLOW
3142,ALLOW
3143,ALLOW
3144,BLOCK
3145,BLOCK
3146,ALLOW
3147,ALLOW
3148,BLOCK
3149,ALLOW
3150,ALLOW
3151,BLOCK
3152,ALLOW
3153,ALLOW
3154,ALLOW
3155,ALLOW
3156,ALLOW
3157,ALLOW
3158,ALLOW
3159,ALLOW
3160,BLOCK
3161,ALLOW
3162,ALLOW
3163,ALLOW
3164,BLOCK
3165,ALLOW
3166,ALLOW
3167,ALLOW
3168,ALLOW
3169,BLOCK
3170,ALLOW
3171,ALLOW
3172,ALLOW
3173,BLOCK
3174,BLOCK
3175,ALLOW
3176,BLOCK
3177,BLOCK
3178,ALLOW
3179,ALLOW
3180,ALLOW
3181,ALLOW
3182,ALLOW
3183,ALLOW
3184,ALLOW
3185,ALLOW
3186,ALLOW
3187,ALLOW
3188,ALLOW
3189,ALLOW
3190,ALLOW
3191,ALLOW
3192,ALLOW
3193,BLOCK
3194,ALLOW
3195,BLOCK
3196,BLOCK
3197,BLOCK
3198,ALLOW
3199,ALLOW
3200,ALLOW
3201,BLOCK
3202,ALLOW
3203,ALLOW
3204,ALLOW
3205,ALLOW
3206,ALLOW
3207,ALLOW
3208,ALLOW
3209,ALLOW
3210,ALLOW
3211,BLOCK
3212,ALLOW
3213,ALLOW
3214,ALLOW
3215,ALLOW
3216,ALLOW
3217,ALLOW
3218,BLOCK
3219,ALLOW
3220,BLOCK
3221,ALLOW
3222,ALLOW
3223,ALLOW
3224,ALLOW
3225,ALLOW
3226,ALLOW
3227,ALLOW
3228,ALLOW
3229,ALLOW
3230,ALLOW
3231,ALLOW
3232,ALLOW
3233,BLOCK
3234,ALLOW
3235,BLOCK
3236,ALLOW
3237,BLOCK
3238,ALLOW
3239,BLOCK
3240,BLOCK
3241,ALLOW
3242,ALLOW
3243,ALLOW
3244,ALLOW
3245,ALLOW
3246,ALLOW
3247,BLOCK
3248,ALLOW
3249,BLOCK
3250,ALLOW
